Instance,m,n,LB_CG,ValidRuns,AvgRuntime_sec,Final_AvgOFV_18mn,Time_2mn_ms,AvgOFV_2mn,MinOFV_2mn,AvgIter_2mn,g_CG_2mn_percent,Time_4mn_ms,AvgOFV_4mn,MinOFV_4mn,AvgIter_4mn,g_CG_4mn_percent,Time_6mn_ms,AvgOFV_6mn,MinOFV_6mn,AvgIter_6mn,g_CG_6mn_percent,Time_8mn_ms,AvgOFV_8mn,MinOFV_8mn,AvgIter_8mn,g_CG_8mn_percent,Time_10mn_ms,AvgOFV_10mn,MinOFV_10mn,AvgIter_10mn,g_CG_10mn_percent,Time_12mn_ms,AvgOFV_12mn,MinOFV_12mn,AvgIter_12mn,g_CG_12mn_percent,Time_14mn_ms,AvgOFV_14mn,MinOFV_14mn,AvgIter_14mn,g_CG_14mn_percent,Time_16mn_ms,AvgOFV_16mn,MinOFV_16mn,AvgIter_16mn,g_CG_16mn_percent,Time_18mn_ms,AvgOFV_18mn,MinOFV_18mn,AvgIter_18mn,g_CG_18mn_percent
Inst_m20_n320_pi0.2_TF0.4_R0.4_1.txt,20,320,312.800000,10,115.329842,343.052000,12800.000000,350.822000,343.480000,64.900000,10.837975,25600.000000,345.974000,342.640000,126.800000,9.588582,38400.000000,345.099000,342.640000,188.700000,9.359343,51200.000000,344.080000,342.640000,249.500000,9.090909,64000.000000,344.061000,342.640000,308.500000,9.085889,76800.000000,343.780000,341.730000,370.700000,9.011577,89600.000000,343.619000,341.730000,429.000000,8.968945,102400.000000,343.271000,341.730000,484.900000,8.876660,115200.000000,343.052000,341.230000,543.800000,8.818488
Inst_m20_n320_pi0.2_TF0.4_R0.4_10.txt,20,320,223.660000,10,115.244140,240.613000,12800.000000,243.133000,241.320000,76.400000,8.009197,25600.000000,241.263000,240.560000,149.800000,7.296187,38400.000000,240.818000,240.280000,221.500000,7.124883,51200.000000,240.693000,240.280000,293.000000,7.076650,64000.000000,240.693000,240.280000,366.700000,7.076650,76800.000000,240.691000,240.280000,438.800000,7.075877,89600.000000,240.614000,240.280000,508.500000,7.046140,102400.000000,240.614000,240.280000,577.800000,7.046140,115200.000000,240.613000,240.280000,652.000000,7.045754
Inst_m20_n320_pi0.2_TF0.4_R0.4_2.txt,20,320,357.310000,10,115.300340,379.652000,12800.000000,381.314000,379.200000,70.500000,6.295074,25600.000000,380.085000,379.200000,142.200000,5.992081,38400.000000,380.003000,379.200000,215.400000,5.971795,51200.000000,379.943000,379.200000,290.000000,5.956946,64000.000000,379.943000,379.200000,363.900000,5.956946,76800.000000,379.888000,379.200000,437.700000,5.943331,89600.000000,379.888000,379.200000,504.800000,5.943331,102400.000000,379.888000,379.200000,575.500000,5.943331,115200.000000,379.652000,379.200000,650.200000,5.884863
Inst_m20_n320_pi0.2_TF0.4_R0.4_3.txt,20,320,421.820000,10,115.274346,446.050000,12800.000000,449.295000,446.060000,77.700000,6.115136,25600.000000,447.007000,445.160000,159.600000,5.634587,38400.000000,446.175000,445.160000,245.100000,5.458620,51200.000000,446.149000,445.160000,330.500000,5.453111,64000.000000,446.098000,445.160000,414.500000,5.442302,76800.000000,446.095000,445.160000,497.300000,5.441666,89600.000000,446.050000,445.160000,578.100000,5.432126,102400.000000,446.050000,445.160000,661.200000,5.432126,115200.000000,446.050000,445.160000,744.800000,5.432126
Inst_m20_n320_pi0.2_TF0.4_R0.4_4.txt,20,320,277.880000,10,115.298935,299.229000,12800.000000,304.924000,300.130000,71.100000,8.869095,25600.000000,302.088000,297.630000,140.700000,8.013559,38400.000000,300.920000,297.630000,213.600000,7.656520,51200.000000,300.172000,297.630000,286.300000,7.426409,64000.000000,299.829000,297.630000,358.700000,7.320506,76800.000000,299.818000,297.630000,430.600000,7.317106,89600.000000,299.436000,297.630000,500.100000,7.198867,102400.000000,299.229000,297.630000,573.400000,7.134669,115200.000000,299.229000,297.630000,644.800000,7.134669
Inst_m20_n320_pi0.2_TF0.4_R0.4_5.txt,20,320,307.740000,10,115.225275,332.422000,12800.000000,334.781000,330.550000,86.800000,8.077221,25600.000000,332.967000,330.540000,169.000000,7.576426,38400.000000,332.726000,330.510000,247.000000,7.509482,51200.000000,332.580000,330.510000,326.200000,7.468880,64000.000000,332.580000,330.510000,403.700000,7.468880,76800.000000,332.519000,330.510000,481.000000,7.451905,89600.000000,332.458000,330.510000,559.300000,7.434924,102400.000000,332.422000,330.510000,636.500000,7.424900,115200.000000,332.422000,330.510000,714.100000,7.424900
Inst_m20_n320_pi0.2_TF0.4_R0.4_6.txt,20,320,327.640000,10,115.263006,354.503000,12800.000000,358.898000,354.210000,79.200000,8.709438,25600.000000,355.776000,354.210000,156.000000,7.908347,38400.000000,355.333000,354.210000,229.700000,7.793535,51200.000000,354.872000,354.210000,304.000000,7.673753,64000.000000,354.709000,354.180000,379.300000,7.631326,76800.000000,354.559000,353.990000,453.100000,7.592248,89600.000000,354.546000,353.990000,527.500000,7.588860,102400.000000,354.526000,353.990000,601.200000,7.583647,115200.000000,354.503000,353.990000,674.200000,7.577651
Inst_m20_n320_pi0.2_TF0.4_R0.4_7.txt,20,320,523.480000,10,115.285385,557.380000,12800.000000,558.620000,557.380000,105.600000,6.290502,25600.000000,557.383000,557.380000,212.300000,6.082532,38400.000000,557.380000,557.380000,315.200000,6.082027,51200.000000,557.380000,557.380000,416.100000,6.082027,64000.000000,557.380000,557.380000,516.100000,6.082027,76800.000000,557.380000,557.380000,619.300000,6.082027,89600.000000,557.380000,557.380000,719.200000,6.082027,102400.000000,557.380000,557.380000,818.500000,6.082027,115200.000000,557.380000,557.380000,919.100000,6.082027
Inst_m20_n320_pi0.2_TF0.4_R0.4_8.txt,20,320,340.180000,10,115.273444,360.292000,12800.000000,360.862000,359.530000,99.100000,5.731277,25600.000000,360.322000,359.530000,209.700000,5.590000,38400.000000,360.292000,359.530000,320.400000,5.582139,51200.000000,360.292000,359.530000,432.600000,5.582139,64000.000000,360.292000,359.530000,544.300000,5.582139,76800.000000,360.292000,359.530000,654.700000,5.582139,89600.000000,360.292000,359.530000,763.900000,5.582139,102400.000000,360.292000,359.530000,874.100000,5.582139,115200.000000,360.292000,359.530000,981.300000,5.582139
Inst_m20_n320_pi0.2_TF0.4_R0.4_9.txt,20,320,330.440000,10,115.263208,354.373000,12800.000000,360.756000,355.450000,80.600000,8.403464,25600.000000,356.839000,355.100000,155.800000,7.398014,38400.000000,355.003000,354.090000,234.300000,6.919096,51200.000000,354.963000,354.090000,310.600000,6.908607,64000.000000,354.831000,354.090000,387.100000,6.873977,76800.000000,354.666000,354.090000,465.500000,6.830652,89600.000000,354.572000,353.890000,542.400000,6.805952,102400.000000,354.431000,353.890000,616.900000,6.768877,115200.000000,354.373000,353.890000,695.000000,6.753618
Inst_m20_n320_pi0.2_TF0.4_R0.6_1.txt,20,320,233.940000,10,115.273546,251.476000,12800.000000,255.181000,250.970000,79.200000,8.323896,25600.000000,253.109000,250.970000,150.600000,7.573417,38400.000000,252.693000,250.970000,218.100000,7.421258,51200.000000,252.294000,250.970000,284.100000,7.274846,64000.000000,251.476000,250.960000,352.000000,6.973230,76800.000000,251.476000,250.960000,416.500000,6.973230,89600.000000,251.476000,250.960000,481.500000,6.973230,102400.000000,251.476000,250.960000,542.000000,6.973230,115200.000000,251.476000,250.960000,607.200000,6.973230
Inst_m20_n320_pi0.2_TF0.4_R0.6_10.txt,20,320,243.310000,10,115.327132,261.912000,12800.000000,264.692000,261.290000,80.300000,8.078068,25600.000000,262.092000,260.940000,164.200000,7.166186,38400.000000,261.939000,260.940000,249.300000,7.111961,51200.000000,261.912000,260.940000,336.900000,7.102386,64000.000000,261.912000,260.940000,422.200000,7.102386,76800.000000,261.912000,260.940000,508.000000,7.102386,89600.000000,261.912000,260.940000,591.300000,7.102386,102400.000000,261.912000,260.940000,675.900000,7.102386,115200.000000,261.912000,260.940000,759.500000,7.102386
Inst_m20_n320_pi0.2_TF0.4_R0.6_2.txt,20,320,257.460000,10,115.326031,279.084000,12800.000000,280.860000,278.390000,63.100000,8.331553,25600.000000,279.603000,278.260000,123.600000,7.919443,38400.000000,279.546000,278.260000,189.400000,7.900668,51200.000000,279.180000,278.260000,251.600000,7.779927,64000.000000,279.135000,277.860000,317.700000,7.765060,76800.000000,279.132000,277.860000,382.100000,7.764069,89600.000000,279.116000,277.860000,445.200000,7.758781,102400.000000,279.112000,277.860000,509.100000,7.757459,115200.000000,279.084000,277.860000,573.400000,7.748205
Inst_m20_n320_pi0.2_TF0.4_R0.6_3.txt,20,320,255.580000,10,115.258191,272.352000,12800.000000,276.272000,272.240000,68.900000,7.489720,25600.000000,272.605000,272.050000,136.600000,6.245300,38400.000000,272.409000,271.960000,202.600000,6.177843,51200.000000,272.373000,271.750000,265.900000,6.165442,64000.000000,272.352000,271.750000,331.300000,6.158207,76800.000000,272.352000,271.750000,395.000000,6.158207,89600.000000,272.352000,271.750000,458.200000,6.158207,102400.000000,272.352000,271.750000,521.900000,6.158207,115200.000000,272.352000,271.750000,585.900000,6.158207
Inst_m20_n320_pi0.2_TF0.4_R0.6_4.txt,20,320,371.450000,10,115.320007,399.709000,12800.000000,402.503000,399.730000,85.000000,7.714974,25600.000000,400.336000,399.730000,172.800000,7.215439,38400.000000,400.108000,399.650000,258.200000,7.162566,51200.000000,399.975000,399.650000,344.200000,7.131696,64000.000000,399.860000,399.650000,432.400000,7.104987,76800.000000,399.860000,399.650000,518.700000,7.104987,89600.000000,399.744000,399.650000,607.000000,7.078030,102400.000000,399.727000,399.650000,691.800000,7.074078,115200.000000,399.709000,399.650000,777.400000,7.069893
Inst_m20_n320_pi0.2_TF0.4_R0.6_5.txt,20,320,252.740000,10,115.296525,266.053000,12800.000000,269.231000,266.150000,82.600000,6.125223,25600.000000,268.043000,266.110000,161.400000,5.709159,38400.000000,267.232000,265.990000,240.300000,5.423003,51200.000000,266.900000,265.990000,322.900000,5.305358,64000.000000,266.487000,265.990000,404.300000,5.158601,76800.000000,266.108000,265.980000,485.600000,5.023524,89600.000000,266.077000,265.980000,567.700000,5.012459,102400.000000,266.074000,265.980000,644.900000,5.011388,115200.000000,266.053000,265.980000,723.100000,5.003890
Inst_m20_n320_pi0.2_TF0.4_R0.6_6.txt,20,320,410.970000,10,115.280869,433.402000,12800.000000,438.286000,435.280000,76.600000,6.232460,25600.000000,435.402000,433.640000,155.200000,5.611366,38400.000000,434.117000,432.700000,231.300000,5.331973,51200.000000,433.707000,432.700000,306.100000,5.242479,64000.000000,433.542000,432.700000,377.800000,5.206416,76800.000000,433.467000,432.700000,454.500000,5.190014,89600.000000,433.432000,432.700000,527.700000,5.182358,102400.000000,433.403000,432.700000,602.400000,5.176014,115200.000000,433.402000,432.700000,676.600000,5.175795
Inst_m20_n320_pi0.2_TF0.4_R0.6_7.txt,20,320,276.750000,10,115.291807,301.441000,12800.000000,303.059000,301.180000,83.100000,8.681148,25600.000000,301.487000,301.080000,168.500000,8.204997,38400.000000,301.451000,301.080000,255.300000,8.194035,51200.000000,301.441000,301.080000,338.700000,8.190989,64000.000000,301.441000,301.080000,422.000000,8.190989,76800.000000,301.441000,301.080000,505.500000,8.190989,89600.000000,301.441000,301.080000,588.300000,8.190989,102400.000000,301.441000,301.080000,674.000000,8.190989,115200.000000,301.441000,301.080000,759.800000,8.190989
Inst_m20_n320_pi0.2_TF0.4_R0.6_8.txt,20,320,317.500000,10,115.282475,351.050000,12800.000000,353.017000,350.420000,72.300000,10.060989,25600.000000,352.148000,350.070000,147.000000,9.839045,38400.000000,351.582000,350.070000,224.700000,9.693898,51200.000000,351.076000,348.550000,300.000000,9.563741,64000.000000,351.076000,348.550000,375.200000,9.563741,76800.000000,351.076000,348.550000,451.000000,9.563741,89600.000000,351.076000,348.550000,525.600000,9.563741,102400.000000,351.076000,348.550000,597.300000,9.563741,115200.000000,351.050000,348.550000,670.300000,9.557043
Inst_m20_n320_pi0.2_TF0.4_R0.6_9.txt,20,320,321.660000,10,115.236414,343.341000,12800.000000,351.549000,344.500000,65.800000,8.502086,25600.000000,346.759000,343.910000,133.600000,7.238168,38400.000000,345.924000,343.650000,199.500000,7.014257,51200.000000,344.838000,343.650000,266.900000,6.721417,64000.000000,343.804000,343.040000,336.700000,6.440879,76800.000000,343.513000,342.850000,402.800000,6.361622,89600.000000,343.421000,342.850000,470.000000,6.336537,102400.000000,343.349000,342.850000,537.300000,6.316896,115200.000000,343.341000,342.850000,604.900000,6.314713
Inst_m20_n320_pi0.2_TF0.6_R0.4_1.txt,20,320,325.040000,10,115.236611,347.669000,12800.000000,350.462000,347.690000,78.500000,7.253853,25600.000000,347.915000,347.500000,157.800000,6.574882,38400.000000,347.760000,347.500000,235.700000,6.533241,51200.000000,347.683000,347.500000,313.900000,6.512542,64000.000000,347.682000,347.500000,393.000000,6.512273,76800.000000,347.670000,347.500000,470.200000,6.509046,89600.000000,347.670000,347.500000,549.400000,6.509046,102400.000000,347.669000,347.500000,622.200000,6.508777,115200.000000,347.669000,347.500000,696.900000,6.508777
Inst_m20_n320_pi0.2_TF0.6_R0.4_10.txt,20,320,321.970000,10,115.271337,336.700000,12800.000000,339.483000,336.750000,71.900000,5.158727,25600.000000,337.247000,336.520000,144.300000,4.529914,38400.000000,336.969000,336.280000,220.000000,4.451151,51200.000000,336.919000,336.280000,295.900000,4.436971,64000.000000,336.762000,336.280000,371.100000,4.392420,76800.000000,336.728000,336.280000,449.100000,4.382766,89600.000000,336.728000,336.280000,524.900000,4.382766,102400.000000,336.724000,336.280000,598.800000,4.381630,115200.000000,336.700000,336.280000,674.000000,4.374814
Inst_m20_n320_pi0.2_TF0.6_R0.4_2.txt,20,320,334.010000,10,115.302044,357.297000,12800.000000,357.891000,357.130000,84.400000,6.672702,25600.000000,357.317000,357.130000,168.300000,6.522779,38400.000000,357.317000,357.130000,249.600000,6.522779,51200.000000,357.297000,357.130000,331.800000,6.517547,64000.000000,357.297000,357.130000,413.000000,6.517547,76800.000000,357.297000,357.130000,494.000000,6.517547,89600.000000,357.297000,357.130000,575.200000,6.517547,102400.000000,357.297000,357.130000,654.700000,6.517547,115200.000000,357.297000,357.130000,735.100000,6.517547
Inst_m20_n320_pi0.2_TF0.6_R0.4_3.txt,20,320,375.640000,10,115.299735,397.288000,12800.000000,404.748000,398.170000,77.600000,7.191635,25600.000000,398.392000,397.150000,155.500000,5.710958,38400.000000,398.017000,397.150000,237.100000,5.622122,51200.000000,397.693000,397.150000,316.400000,5.545232,64000.000000,397.627000,396.800000,395.100000,5.529554,76800.000000,397.570000,396.800000,476.700000,5.516010,89600.000000,397.515000,396.800000,557.100000,5.502937,102400.000000,397.301000,396.800000,639.700000,5.452038,115200.000000,397.288000,396.800000,721.800000,5.448944
Inst_m20_n320_pi0.2_TF0.6_R0.4_4.txt,20,320,400.840000,10,115.231194,432.368000,12800.000000,439.063000,432.350000,82.900000,8.705584,25600.000000,434.859000,431.250000,161.100000,7.822995,38400.000000,433.516000,431.250000,237.000000,7.537438,51200.000000,432.760000,430.550000,315.200000,7.375913,64000.000000,432.619000,430.550000,395.800000,7.345725,76800.000000,432.521000,430.550000,475.300000,7.324731,89600.000000,432.463000,430.550000,553.800000,7.312302,102400.000000,432.463000,430.550000,626.600000,7.312302,115200.000000,432.368000,430.550000,701.300000,7.291936
Inst_m20_n320_pi0.2_TF0.6_R0.4_5.txt,20,320,312.640000,10,115.266821,334.637000,12800.000000,340.428000,334.730000,80.800000,8.162666,25600.000000,337.323000,334.650000,165.600000,7.317319,38400.000000,335.744000,334.440000,249.600000,6.881433,51200.000000,335.114000,333.990000,335.500000,6.706375,64000.000000,334.935000,333.990000,420.400000,6.656515,76800.000000,334.826000,333.990000,506.300000,6.626128,89600.000000,334.783000,333.990000,588.300000,6.614135,102400.000000,334.637000,333.990000,670.000000,6.573391,115200.000000,334.637000,333.990000,752.000000,6.573391
Inst_m20_n320_pi0.2_TF0.6_R0.4_6.txt,20,320,326.900000,10,115.282381,355.923000,12800.000000,362.069000,357.390000,73.500000,9.713342,25600.000000,358.707000,356.740000,143.100000,8.867126,38400.000000,357.623000,356.710000,213.500000,8.590890,51200.000000,357.136000,354.860000,286.700000,8.466243,64000.000000,356.888000,354.860000,359.600000,8.402636,76800.000000,356.381000,354.860000,432.800000,8.272327,89600.000000,356.322000,354.860000,505.900000,8.257138,102400.000000,356.178000,354.860000,577.900000,8.220047,115200.000000,355.923000,354.860000,650.000000,8.154292
Inst_m20_n320_pi0.2_TF0.6_R0.4_7.txt,20,320,255.980000,10,115.300941,272.179000,12800.000000,273.121000,271.560000,85.100000,6.275973,25600.000000,272.253000,270.720000,168.500000,5.977161,38400.000000,272.253000,270.720000,251.400000,5.977161,51200.000000,272.215000,270.720000,334.000000,5.964036,64000.000000,272.206000,270.720000,414.500000,5.960927,76800.000000,272.206000,270.720000,494.700000,5.960927,89600.000000,272.206000,270.720000,576.000000,5.960927,102400.000000,272.199000,270.720000,660.000000,5.958508,115200.000000,272.179000,270.720000,741.800000,5.951598
Inst_m20_n320_pi0.2_TF0.6_R0.4_8.txt,20,320,342.060000,10,115.329742,370.102000,12800.000000,379.562000,370.940000,72.900000,9.880336,25600.000000,374.759000,369.980000,144.200000,8.725341,38400.000000,371.183000,369.980000,215.100000,7.845995,51200.000000,370.646000,369.980000,289.500000,7.712480,64000.000000,370.544000,369.980000,361.500000,7.687076,76800.000000,370.435000,369.980000,435.300000,7.659913,89600.000000,370.309000,369.150000,507.600000,7.628494,102400.000000,370.202000,369.150000,578.100000,7.601796,115200.000000,370.102000,369.150000,651.000000,7.576830
Inst_m20_n320_pi0.2_TF0.6_R0.4_9.txt,20,320,426.700000,10,115.277962,452.500000,12800.000000,455.685000,452.730000,84.300000,6.360754,25600.000000,453.403000,452.630000,168.600000,5.889463,38400.000000,452.792000,452.320000,248.200000,5.762469,51200.000000,452.676000,452.180000,332.200000,5.738321,64000.000000,452.607000,452.180000,416.400000,5.723950,76800.000000,452.572000,452.180000,500.800000,5.716659,89600.000000,452.568000,452.180000,585.000000,5.715826,102400.000000,452.558000,452.180000,667.800000,5.713743,115200.000000,452.500000,452.180000,751.000000,5.701657
Inst_m20_n320_pi0.2_TF0.6_R0.6_1.txt,20,320,267.780000,10,115.274983,297.054000,12800.000000,302.385000,297.590000,68.800000,11.444020,25600.000000,298.756000,297.360000,137.700000,10.368327,38400.000000,298.459000,296.460000,205.700000,10.279134,51200.000000,298.072000,296.320000,274.400000,10.162645,64000.000000,298.064000,296.320000,341.400000,10.160234,76800.000000,297.566000,296.320000,408.500000,10.009880,89600.000000,297.428000,296.320000,477.300000,9.968127,102400.000000,297.428000,296.320000,547.000000,9.968127,115200.000000,297.054000,294.770000,614.900000,9.854774
Inst_m20_n320_pi0.2_TF0.6_R0.6_10.txt,20,320,381.330000,10,115.251604,406.748000,12800.000000,408.621000,405.650000,82.500000,6.678805,25600.000000,406.936000,405.650000,167.000000,6.292390,38400.000000,406.824000,405.650000,252.000000,6.266592,51200.000000,406.799000,405.650000,337.500000,6.260832,64000.000000,406.767000,405.650000,422.600000,6.253457,76800.000000,406.748000,405.650000,508.600000,6.249078,89600.000000,406.748000,405.650000,593.900000,6.249078,102400.000000,406.748000,405.650000,678.800000,6.249078,115200.000000,406.748000,405.650000,764.200000,6.249078
Inst_m20_n320_pi0.2_TF0.6_R0.6_2.txt,20,320,373.100000,10,115.255720,406.722000,12800.000000,410.795000,404.960000,79.500000,9.176110,25600.000000,409.571000,404.960000,159.200000,8.904683,38400.000000,407.770000,404.960000,236.000000,8.502342,51200.000000,407.716000,404.960000,314.600000,8.490224,64000.000000,407.132000,404.960000,392.000000,8.358960,76800.000000,407.072000,404.960000,473.400000,8.345452,89600.000000,406.783000,404.960000,553.400000,8.280336,102400.000000,406.746000,404.960000,632.200000,8.271993,115200.000000,406.722000,404.960000,709.500000,8.266580
Inst_m20_n320_pi0.2_TF0.6_R0.6_3.txt,20,320,342.950000,10,115.290341,367.395000,12800.000000,368.845000,367.450000,85.100000,7.020564,25600.000000,367.658000,367.450000,174.200000,6.720376,38400.000000,367.591000,367.450000,265.500000,6.703374,51200.000000,367.571000,367.450000,353.800000,6.698298,64000.000000,367.467000,367.000000,441.500000,6.671892,76800.000000,367.461000,367.000000,529.700000,6.670368,89600.000000,367.400000,366.760000,620.600000,6.654872,102400.000000,367.400000,366.760000,710.100000,6.654872,115200.000000,367.395000,366.720000,798.500000,6.653602
Inst_m20_n320_pi0.2_TF0.6_R0.6_4.txt,20,320,214.860000,10,115.263343,234.129000,12800.000000,236.330000,234.210000,70.200000,9.084754,25600.000000,235.071000,234.160000,140.300000,8.597828,38400.000000,234.657000,234.160000,208.600000,8.436569,51200.000000,234.341000,233.980000,281.000000,8.313099,64000.000000,234.341000,233.980000,348.000000,8.313099,76800.000000,234.312000,233.980000,418.200000,8.301752,89600.000000,234.183000,233.980000,490.700000,8.251239,102400.000000,234.180000,233.980000,561.500000,8.250064,115200.000000,234.129000,233.900000,631.100000,8.230078
Inst_m20_n320_pi0.2_TF0.6_R0.6_5.txt,20,320,269.560000,10,115.300177,291.461000,12800.000000,295.349000,292.080000,77.600000,8.731704,25600.000000,292.343000,290.410000,154.500000,7.793243,38400.000000,291.703000,290.230000,233.700000,7.590940,51200.000000,291.565000,290.230000,313.600000,7.547202,64000.000000,291.461000,290.230000,394.300000,7.514213,76800.000000,291.461000,290.230000,473.800000,7.514213,89600.000000,291.461000,290.230000,554.700000,7.514213,102400.000000,291.461000,290.230000,636.800000,7.514213,115200.000000,291.461000,290.230000,716.500000,7.514213
Inst_m20_n320_pi0.2_TF0.6_R0.6_6.txt,20,320,318.760000,10,115.287932,341.576000,12800.000000,351.013000,341.680000,81.800000,9.188549,25600.000000,342.518000,341.680000,156.900000,6.936278,38400.000000,342.013000,341.220000,232.300000,6.798864,51200.000000,341.838000,341.070000,308.800000,6.751151,64000.000000,341.796000,341.070000,385.200000,6.739693,76800.000000,341.784000,341.070000,461.800000,6.736418,89600.000000,341.742000,341.070000,538.700000,6.724956,102400.000000,341.658000,341.070000,615.200000,6.702024,115200.000000,341.576000,340.690000,691.100000,6.679626
Inst_m20_n320_pi0.2_TF0.6_R0.6_7.txt,20,320,329.360000,10,115.249497,347.977000,12800.000000,349.979000,347.460000,82.300000,5.891496,25600.000000,348.214000,347.460000,162.500000,5.414486,38400.000000,348.088000,347.460000,245.400000,5.380249,51200.000000,348.061000,347.460000,326.900000,5.372909,64000.000000,348.061000,347.460000,406.700000,5.372909,76800.000000,348.061000,347.460000,488.600000,5.372909,89600.000000,348.032000,347.460000,572.800000,5.365024,102400.000000,347.999000,347.460000,656.700000,5.356050,115200.000000,347.977000,347.460000,741.000000,5.350066
Inst_m20_n320_pi0.2_TF0.6_R0.6_8.txt,20,320,237.600000,10,115.256424,260.400000,12800.000000,262.745000,260.820000,76.600000,9.570116,25600.000000,261.066000,259.420000,152.900000,8.988532,38400.000000,260.608000,259.420000,232.400000,8.828585,51200.000000,260.574000,259.330000,313.500000,8.816689,64000.000000,260.573000,259.330000,391.500000,8.816339,76800.000000,260.487000,259.330000,471.900000,8.786235,89600.000000,260.487000,259.330000,551.900000,8.786235,102400.000000,260.449000,259.330000,631.200000,8.772927,115200.000000,260.400000,259.330000,711.800000,8.755760
Inst_m20_n320_pi0.2_TF0.6_R0.6_9.txt,20,320,388.860000,10,115.296062,429.795000,12800.000000,436.482000,432.190000,76.600000,10.910416,25600.000000,433.496000,430.720000,155.400000,10.296750,38400.000000,431.772000,429.380000,234.300000,9.938579,51200.000000,431.392000,429.380000,312.000000,9.859246,64000.000000,431.103000,429.380000,391.200000,9.798818,76800.000000,430.711000,429.380000,471.100000,9.716724,89600.000000,430.665000,429.380000,552.700000,9.707081,102400.000000,430.059000,428.550000,634.100000,9.579848,115200.000000,429.795000,426.930000,715.300000,9.524308
Inst_m20_n320_pi0.5_TF0.4_R0.4_1.txt,20,320,691.840000,10,115.317136,744.433000,12800.000000,756.935000,745.410000,65.700000,8.599814,25600.000000,751.717000,745.090000,132.100000,7.965365,38400.000000,745.167000,744.030000,199.000000,7.156382,51200.000000,745.046000,744.030000,266.300000,7.141304,64000.000000,744.927000,744.030000,334.200000,7.126470,76800.000000,744.700000,744.030000,406.100000,7.098160,89600.000000,744.545000,743.270000,474.700000,7.078820,102400.000000,744.433000,743.270000,539.900000,7.064840,115200.000000,744.433000,743.270000,607.600000,7.064840
Inst_m20_n320_pi0.5_TF0.4_R0.4_10.txt,20,320,856.960000,10,115.232438,921.999000,12800.000000,936.691000,927.580000,75.300000,8.511985,25600.000000,926.261000,923.300000,154.100000,7.481800,38400.000000,924.199000,921.850000,230.900000,7.275381,51200.000000,923.751000,921.850000,308.600000,7.230412,64000.000000,922.771000,920.450000,386.800000,7.131889,76800.000000,922.703000,920.450000,464.000000,7.125045,89600.000000,922.703000,920.450000,540.800000,7.125045,102400.000000,922.268000,920.450000,618.700000,7.081239,115200.000000,921.999000,919.850000,695.600000,7.054129
Inst_m20_n320_pi0.5_TF0.4_R0.4_2.txt,20,320,881.580000,10,115.294657,946.060000,12800.000000,958.154000,947.320000,72.700000,7.991826,25600.000000,948.487000,942.720000,142.600000,7.054077,38400.000000,947.338000,942.720000,216.900000,6.941345,51200.000000,946.997000,942.720000,288.800000,6.907836,64000.000000,946.980000,942.720000,361.000000,6.906165,76800.000000,946.651000,942.720000,435.300000,6.873811,89600.000000,946.420000,942.720000,507.300000,6.851081,102400.000000,946.182000,942.720000,581.900000,6.827650,115200.000000,946.060000,942.720000,654.000000,6.815635
Inst_m20_n320_pi0.5_TF0.4_R0.4_3.txt,20,320,757.630000,10,115.320750,846.757000,12800.000000,862.475000,848.320000,72.900000,12.156294,25600.000000,854.764000,848.320000,140.200000,11.363838,38400.000000,849.843000,842.290000,208.700000,10.850592,51200.000000,847.852000,842.290000,273.100000,10.641244,64000.000000,847.456000,841.370000,340.800000,10.599488,76800.000000,847.456000,841.370000,406.700000,10.599488,89600.000000,847.407000,841.370000,475.300000,10.594319,102400.000000,847.207000,841.370000,542.300000,10.573213,115200.000000,846.757000,841.370000,610.000000,10.525688
Inst_m20_n320_pi0.5_TF0.4_R0.4_4.txt,20,320,614.450000,10,115.297369,654.357000,12800.000000,660.226000,656.640000,68.800000,6.933383,25600.000000,657.079000,655.640000,135.700000,6.487652,38400.000000,656.019000,653.310000,208.900000,6.336554,51200.000000,654.871000,653.310000,279.600000,6.172361,64000.000000,654.814000,653.310000,352.800000,6.164193,76800.000000,654.637000,653.130000,422.400000,6.138822,89600.000000,654.468000,653.130000,492.700000,6.114585,102400.000000,654.390000,653.130000,563.400000,6.103394,115200.000000,654.357000,653.130000,633.500000,6.098659
Inst_m20_n320_pi0.5_TF0.4_R0.4_5.txt,20,320,1079.440000,10,115.282815,1133.368000,12800.000000,1134.203000,1133.420000,86.500000,4.828324,25600.000000,1133.756000,1132.900000,174.300000,4.790802,38400.000000,1133.368000,1132.900000,266.800000,4.758207,51200.000000,1133.368000,1132.900000,358.100000,4.758207,64000.000000,1133.368000,1132.900000,450.200000,4.758207,76800.000000,1133.368000,1132.900000,542.300000,4.758207,89600.000000,1133.368000,1132.900000,633.400000,4.758207,102400.000000,1133.368000,1132.900000,725.900000,4.758207,115200.000000,1133.368000,1132.900000,818.300000,4.758207
Inst_m20_n320_pi0.5_TF0.4_R0.4_6.txt,20,320,749.440000,10,115.281913,791.937000,12800.000000,798.443000,792.140000,80.900000,6.137320,25600.000000,794.370000,792.140000,152.800000,5.656054,38400.000000,793.558000,792.140000,226.900000,5.559518,51200.000000,793.190000,792.140000,301.800000,5.515702,64000.000000,793.070000,792.140000,373.400000,5.501406,76800.000000,792.859000,792.140000,444.700000,5.476257,89600.000000,792.606000,792.010000,515.200000,5.446085,102400.000000,792.053000,790.670000,588.600000,5.380069,115200.000000,791.937000,790.670000,662.300000,5.366210
Inst_m20_n320_pi0.5_TF0.4_R0.4_7.txt,20,320,856.350000,10,115.274788,913.325000,12800.000000,926.030000,911.630000,81.800000,7.524594,25600.000000,914.639000,911.630000,165.100000,6.372897,38400.000000,914.186000,911.630000,248.600000,6.326502,51200.000000,913.909000,911.630000,332.300000,6.298111,64000.000000,913.660000,911.630000,416.800000,6.272574,76800.000000,913.497000,911.630000,500.900000,6.255850,89600.000000,913.491000,911.630000,583.500000,6.255234,102400.000000,913.491000,911.630000,669.500000,6.255234,115200.000000,913.325000,911.630000,753.500000,6.238196
Inst_m20_n320_pi0.5_TF0.4_R0.4_8.txt,20,320,1116.900000,10,115.335501,1187.252000,12800.000000,1203.128000,1187.520000,80.000000,7.166985,25600.000000,1191.539000,1184.920000,158.100000,6.264084,38400.000000,1188.680000,1184.920000,234.500000,6.038631,51200.000000,1188.447000,1184.920000,309.700000,6.020210,64000.000000,1188.048000,1184.920000,382.100000,5.988647,76800.000000,1187.932000,1184.920000,457.100000,5.979467,89600.000000,1187.789000,1184.920000,532.000000,5.968148,102400.000000,1187.472000,1184.920000,606.900000,5.943045,115200.000000,1187.252000,1184.920000,679.800000,5.925616
Inst_m20_n320_pi0.5_TF0.4_R0.4_9.txt,20,320,756.330000,10,115.303289,804.329000,12800.000000,822.561000,808.000000,72.000000,8.051804,25600.000000,809.713000,804.590000,143.100000,6.592830,38400.000000,806.016000,802.820000,213.700000,6.164394,51200.000000,805.660000,802.820000,285.300000,6.122930,64000.000000,804.575000,802.820000,356.600000,5.996333,76800.000000,804.364000,802.820000,426.800000,5.971675,89600.000000,804.357000,802.820000,497.500000,5.970856,102400.000000,804.329000,802.820000,569.100000,5.967583,115200.000000,804.329000,802.820000,644.600000,5.967583
Inst_m20_n320_pi0.5_TF0.4_R0.6_1.txt,20,320,650.520000,10,115.268467,703.371000,12800.000000,706.407000,702.820000,71.300000,7.911445,25600.000000,704.413000,701.410000,144.000000,7.650767,38400.000000,703.863000,701.410000,217.300000,7.578605,51200.000000,703.688000,701.320000,288.000000,7.555621,64000.000000,703.539000,701.320000,356.900000,7.536043,76800.000000,703.498000,701.320000,426.700000,7.530654,89600.000000,703.371000,701.320000,497.900000,7.513958,102400.000000,703.371000,701.320000,568.400000,7.513958,115200.000000,703.371000,701.320000,640.200000,7.513958
Inst_m20_n320_pi0.5_TF0.4_R0.6_10.txt,20,320,729.010000,10,115.303086,768.303000,12800.000000,772.915000,767.560000,90.300000,5.680444,25600.000000,769.190000,767.300000,175.800000,5.223677,38400.000000,768.685000,767.290000,260.500000,5.161412,51200.000000,768.503000,767.290000,345.200000,5.138952,64000.000000,768.371000,767.290000,431.200000,5.122656,76800.000000,768.303000,767.290000,515.400000,5.114258,89600.000000,768.303000,767.290000,598.800000,5.114258,102400.000000,768.303000,767.290000,681.000000,5.114258,115200.000000,768.303000,767.290000,766.400000,5.114258
Inst_m20_n320_pi0.5_TF0.4_R0.6_2.txt,20,320,572.000000,10,115.291848,606.012000,12800.000000,616.927000,608.350000,87.000000,7.282385,25600.000000,608.287000,605.400000,171.900000,5.965441,38400.000000,607.289000,604.800000,258.300000,5.810907,51200.000000,606.921000,604.800000,341.800000,5.753797,64000.000000,606.921000,604.800000,428.700000,5.753797,76800.000000,606.921000,604.800000,515.000000,5.753797,89600.000000,606.618000,604.800000,601.300000,5.706722,102400.000000,606.618000,604.800000,687.000000,5.706722,115200.000000,606.012000,604.800000,774.600000,5.612430
Inst_m20_n320_pi0.5_TF0.4_R0.6_3.txt,20,320,717.950000,10,115.307402,773.421000,12800.000000,779.413000,773.550000,84.200000,7.885806,25600.000000,774.729000,772.630000,170.100000,7.328885,38400.000000,774.409000,772.630000,253.100000,7.290592,51200.000000,774.017000,772.630000,334.100000,7.243639,64000.000000,773.585000,772.630000,413.200000,7.191841,76800.000000,773.421000,772.630000,492.700000,7.172161,89600.000000,773.421000,772.630000,570.800000,7.172161,102400.000000,773.421000,772.630000,649.600000,7.172161,115200.000000,773.421000,772.630000,728.600000,7.172161
Inst_m20_n320_pi0.5_TF0.4_R0.6_4.txt,20,320,690.900000,10,115.332290,773.440000,12800.000000,781.556000,774.600000,76.700000,11.599425,25600.000000,776.495000,772.020000,145.800000,11.023252,38400.000000,774.635000,771.510000,215.600000,10.809607,51200.000000,774.147000,769.310000,285.300000,10.753384,64000.000000,773.809000,769.310000,353.800000,10.714401,76800.000000,773.799000,769.310000,422.200000,10.713247,89600.000000,773.799000,769.310000,491.400000,10.713247,102400.000000,773.440000,768.310000,563.100000,10.671804,115200.000000,773.440000,768.310000,631.300000,10.671804
Inst_m20_n320_pi0.5_TF0.4_R0.6_5.txt,20,320,776.640000,10,115.315330,819.276000,12800.000000,825.841000,818.770000,74.500000,5.957684,25600.000000,821.392000,818.770000,143.900000,5.448312,38400.000000,820.626000,817.500000,215.000000,5.360054,51200.000000,820.133000,817.500000,283.700000,5.303164,64000.000000,819.730000,817.500000,356.400000,5.256609,76800.000000,819.578000,817.500000,428.700000,5.239038,89600.000000,819.347000,817.500000,501.300000,5.212322,102400.000000,819.347000,817.500000,574.400000,5.212322,115200.000000,819.276000,817.500000,643.500000,5.204107
Inst_m20_n320_pi0.5_TF0.4_R0.6_6.txt,20,320,630.600000,10,115.329280,666.488000,12800.000000,671.309000,666.170000,91.500000,6.064122,25600.000000,666.604000,666.170000,178.500000,5.401108,38400.000000,666.523000,666.170000,265.100000,5.389611,51200.000000,666.488000,666.170000,351.700000,5.384643,64000.000000,666.488000,666.170000,439.700000,5.384643,76800.000000,666.488000,666.170000,526.400000,5.384643,89600.000000,666.488000,666.170000,614.000000,5.384643,102400.000000,666.488000,666.170000,702.500000,5.384643,115200.000000,666.488000,666.170000,790.500000,5.384643
Inst_m20_n320_pi0.5_TF0.4_R0.6_7.txt,20,320,771.110000,10,115.287833,824.570000,12800.000000,834.275000,824.380000,78.300000,7.571244,25600.000000,826.622000,824.220000,158.300000,6.715524,38400.000000,825.919000,824.220000,236.100000,6.636123,51200.000000,824.892000,824.220000,316.100000,6.519884,64000.000000,824.716000,824.220000,397.300000,6.499935,76800.000000,824.570000,824.220000,476.200000,6.483379,89600.000000,824.570000,824.220000,554.500000,6.483379,102400.000000,824.570000,824.220000,635.000000,6.483379,115200.000000,824.570000,824.220000,712.100000,6.483379
Inst_m20_n320_pi0.5_TF0.4_R0.6_8.txt,20,320,728.280000,10,115.309910,782.142000,12800.000000,807.661000,786.040000,73.700000,9.828505,25600.000000,788.495000,782.130000,143.100000,7.636700,38400.000000,783.918000,781.070000,210.700000,7.097426,51200.000000,783.744000,779.910000,277.400000,7.076801,64000.000000,783.718000,779.910000,340.900000,7.073718,76800.000000,782.859000,778.480000,402.600000,6.971754,89600.000000,782.830000,778.480000,464.100000,6.968307,102400.000000,782.181000,778.480000,528.500000,6.891116,115200.000000,782.142000,778.480000,593.200000,6.886473
Inst_m20_n320_pi0.5_TF0.4_R0.6_9.txt,20,320,651.910000,10,115.303891,719.262000,12800.000000,734.331000,722.140000,68.900000,11.223958,25600.000000,726.957000,720.190000,131.800000,10.323444,38400.000000,723.385000,715.640000,190.700000,9.880631,51200.000000,720.537000,715.640000,250.500000,9.524424,64000.000000,720.189000,715.640000,310.500000,9.480706,76800.000000,720.026000,715.640000,370.200000,9.460214,89600.000000,719.623000,715.640000,431.700000,9.409510,102400.000000,719.623000,715.640000,493.200000,9.409510,115200.000000,719.262000,715.640000,551.700000,9.364043
Inst_m20_n320_pi0.5_TF0.6_R0.4_1.txt,20,320,720.280000,10,115.273675,780.535000,12800.000000,791.804000,783.280000,76.500000,9.033044,25600.000000,784.304000,778.960000,150.200000,8.163161,38400.000000,782.772000,778.250000,224.700000,7.983423,51200.000000,782.227000,778.250000,300.300000,7.919312,64000.000000,781.758000,777.130000,374.100000,7.864070,76800.000000,781.540000,774.950000,449.000000,7.838370,89600.000000,780.668000,774.950000,521.900000,7.735427,102400.000000,780.535000,774.950000,595.800000,7.719705,115200.000000,780.535000,774.950000,667.500000,7.719705
Inst_m20_n320_pi0.5_TF0.6_R0.4_10.txt,20,320,891.550000,10,115.264347,987.611000,12800.000000,1006.250000,991.470000,78.900000,11.398758,25600.000000,994.129000,986.070000,152.800000,10.318480,38400.000000,990.227000,983.590000,225.900000,9.965089,51200.000000,989.599000,983.590000,300.300000,9.907953,64000.000000,988.779000,983.590000,374.800000,9.833239,76800.000000,988.528000,983.590000,444.600000,9.810344,89600.000000,988.497000,983.590000,517.400000,9.807516,102400.000000,988.205000,983.590000,590.500000,9.780865,115200.000000,987.611000,983.590000,662.700000,9.726603
Inst_m20_n320_pi0.5_TF0.6_R0.4_2.txt,20,320,615.140000,10,115.273880,662.671000,12800.000000,675.157000,666.550000,85.600000,8.889340,25600.000000,668.115000,663.410000,173.500000,7.929024,38400.000000,665.765000,663.410000,260.200000,7.604034,51200.000000,664.786000,659.870000,345.500000,7.467967,64000.000000,663.970000,659.870000,430.600000,7.354248,76800.000000,663.312000,659.870000,516.700000,7.262344,89600.000000,663.129000,659.870000,602.100000,7.236752,102400.000000,662.842000,659.870000,688.400000,7.196587,115200.000000,662.671000,659.870000,772.000000,7.172639
Inst_m20_n320_pi0.5_TF0.6_R0.4_3.txt,20,320,750.140000,10,115.254210,812.097000,12800.000000,819.714000,812.060000,80.900000,8.487594,25600.000000,817.991000,812.060000,169.200000,8.294835,38400.000000,816.105000,812.060000,257.700000,8.082906,51200.000000,813.752000,811.440000,344.600000,7.817124,64000.000000,813.323000,811.440000,434.200000,7.768500,76800.000000,813.160000,811.440000,524.200000,7.750012,89600.000000,812.458000,810.350000,613.400000,7.670304,102400.000000,812.362000,810.350000,704.300000,7.659393,115200.000000,812.097000,810.350000,793.700000,7.629261
Inst_m20_n320_pi0.5_TF0.6_R0.4_4.txt,20,320,758.600000,10,115.280806,838.428000,12800.000000,856.708000,841.080000,81.100000,11.451743,25600.000000,844.750000,837.380000,158.600000,10.198284,38400.000000,840.643000,833.020000,235.900000,9.759553,51200.000000,839.719000,832.700000,312.600000,9.660255,64000.000000,839.719000,832.700000,388.700000,9.660255,76800.000000,839.272000,832.700000,467.500000,9.612140,89600.000000,838.968000,832.700000,546.500000,9.579388,102400.000000,838.428000,832.700000,625.400000,9.521151,115200.000000,838.428000,832.700000,703.500000,9.521151
Inst_m20_n320_pi0.5_TF0.6_R0.4_5.txt,20,320,804.550000,10,115.243973,908.622000,12800.000000,939.000000,904.490000,77.300000,14.318424,25600.000000,918.029000,904.490000,146.500000,12.361156,38400.000000,912.121000,904.490000,217.500000,11.793501,51200.000000,911.016000,904.490000,287.800000,11.686513,64000.000000,909.588000,904.490000,357.100000,11.547866,76800.000000,909.588000,904.490000,428.300000,11.547866,89600.000000,909.216000,904.490000,498.100000,11.511676,102400.000000,909.014000,904.490000,569.500000,11.492012,115200.000000,908.622000,904.490000,639.800000,11.453828
Inst_m20_n320_pi0.5_TF0.6_R0.4_6.txt,20,320,840.740000,10,115.282313,905.797000,12800.000000,911.688000,903.850000,79.800000,7.782048,25600.000000,906.912000,902.120000,154.400000,7.296408,38400.000000,906.387000,901.600000,232.000000,7.242712,51200.000000,906.176000,900.340000,306.900000,7.221114,64000.000000,906.176000,900.340000,380.800000,7.221114,76800.000000,906.176000,900.340000,454.800000,7.221114,89600.000000,905.969000,900.340000,528.700000,7.199915,102400.000000,905.969000,900.340000,603.400000,7.199915,115200.000000,905.797000,900.340000,677.300000,7.182294
Inst_m20_n320_pi0.5_TF0.6_R0.4_7.txt,20,320,737.130000,10,115.283818,805.056000,12800.000000,816.685000,812.000000,80.800000,9.741210,25600.000000,809.849000,804.120000,155.800000,8.979328,38400.000000,807.683000,804.120000,233.900000,8.735234,51200.000000,806.500000,804.120000,310.600000,8.601364,64000.000000,805.943000,803.540000,387.000000,8.538197,76800.000000,805.818000,803.540000,462.300000,8.524009,89600.000000,805.726000,803.540000,540.200000,8.513564,102400.000000,805.495000,801.230000,614.700000,8.487328,115200.000000,805.056000,801.230000,691.600000,8.437425
Inst_m20_n320_pi0.5_TF0.6_R0.4_8.txt,20,320,842.040000,10,115.331085,926.126000,12800.000000,939.933000,933.150000,70.600000,10.414891,25600.000000,931.703000,924.390000,141.400000,9.623560,38400.000000,930.692000,924.390000,210.800000,9.525385,51200.000000,930.473000,924.390000,280.500000,9.504091,64000.000000,929.774000,924.390000,348.500000,9.436057,76800.000000,928.811000,924.390000,417.700000,9.342159,89600.000000,927.124000,920.370000,486.600000,9.177197,102400.000000,926.527000,919.370000,556.600000,9.118677,115200.000000,926.126000,919.370000,625.600000,9.079326
Inst_m20_n320_pi0.5_TF0.6_R0.4_9.txt,20,320,768.330000,10,115.323255,811.454000,12800.000000,815.031000,811.390000,102.100000,5.729966,25600.000000,811.886000,811.390000,216.900000,5.364793,38400.000000,811.454000,811.390000,332.800000,5.314411,51200.000000,811.454000,811.390000,449.700000,5.314411,64000.000000,811.454000,811.390000,563.600000,5.314411,76800.000000,811.454000,811.390000,678.300000,5.314411,89600.000000,811.454000,811.390000,794.200000,5.314411,102400.000000,811.454000,811.390000,910.600000,5.314411,115200.000000,811.454000,811.390000,1022.900000,5.314411
Inst_m20_n320_pi0.5_TF0.6_R0.6_1.txt,20,320,803.230000,10,115.258626,863.446000,12800.000000,873.453000,865.690000,76.100000,8.039700,25600.000000,867.678000,862.280000,151.100000,7.427640,38400.000000,865.579000,862.280000,226.900000,7.203155,51200.000000,864.967000,862.280000,302.900000,7.137498,64000.000000,864.615000,862.280000,378.500000,7.099692,76800.000000,864.305000,859.800000,455.500000,7.066371,89600.000000,863.499000,859.800000,530.500000,6.979626,102400.000000,863.446000,859.800000,605.500000,6.973916,115200.000000,863.446000,859.800000,679.000000,6.973916
Inst_m20_n320_pi0.5_TF0.6_R0.6_10.txt,20,320,792.420000,10,115.258527,883.527000,12800.000000,897.163000,884.290000,72.200000,11.674913,25600.000000,886.796000,883.150000,143.500000,10.642357,38400.000000,886.256000,882.340000,219.300000,10.587911,51200.000000,885.436000,882.340000,293.400000,10.505107,64000.000000,885.436000,882.340000,365.500000,10.505107,76800.000000,885.275000,881.840000,440.800000,10.488831,89600.000000,883.684000,880.590000,513.100000,10.327674,102400.000000,883.684000,880.590000,589.500000,10.327674,115200.000000,883.527000,880.590000,662.200000,10.311739
Inst_m20_n320_pi0.5_TF0.6_R0.6_2.txt,20,320,907.460000,10,115.308101,967.261000,12800.000000,969.126000,965.810000,83.500000,6.363053,25600.000000,967.799000,965.810000,171.300000,6.234662,38400.000000,967.508000,965.810000,258.700000,6.206460,51200.000000,967.432000,965.810000,344.200000,6.199092,64000.000000,967.318000,965.810000,430.200000,6.188037,76800.000000,967.283000,965.810000,517.500000,6.184643,89600.000000,967.283000,965.810000,603.600000,6.184643,102400.000000,967.261000,965.810000,690.900000,6.182509,115200.000000,967.261000,965.810000,778.500000,6.182509
Inst_m20_n320_pi0.5_TF0.6_R0.6_3.txt,20,320,881.960000,10,115.286325,927.434000,12800.000000,938.781000,928.540000,78.300000,6.052636,25600.000000,929.253000,926.960000,155.800000,5.089357,38400.000000,928.892000,926.960000,232.700000,5.052471,51200.000000,928.085000,926.960000,309.100000,4.969911,64000.000000,927.983000,926.960000,385.400000,4.959466,76800.000000,927.878000,926.960000,464.800000,4.948711,89600.000000,927.740000,926.510000,541.200000,4.934572,102400.000000,927.643000,926.510000,619.000000,4.924632,115200.000000,927.434000,926.510000,695.400000,4.903206
Inst_m20_n320_pi0.5_TF0.6_R0.6_4.txt,20,320,691.930000,10,115.253311,733.004000,12800.000000,742.887000,733.380000,78.000000,6.859320,25600.000000,738.268000,732.680000,156.100000,6.276582,38400.000000,734.278000,732.680000,235.600000,5.767298,51200.000000,733.691000,732.280000,315.000000,5.691906,64000.000000,733.657000,732.280000,393.500000,5.687535,76800.000000,733.462000,732.280000,470.200000,5.662461,89600.000000,733.317000,732.280000,547.300000,5.643808,102400.000000,733.068000,732.000000,626.600000,5.611758,115200.000000,733.004000,732.000000,704.200000,5.603516
Inst_m20_n320_pi0.5_TF0.6_R0.6_5.txt,20,320,979.470000,10,115.282712,1051.719000,12800.000000,1067.720000,1053.380000,81.000000,8.265276,25600.000000,1055.172000,1051.280000,156.900000,7.174375,38400.000000,1054.206000,1051.280000,232.400000,7.089317,51200.000000,1053.025000,1049.940000,308.200000,6.985114,64000.000000,1052.728000,1049.940000,383.900000,6.958873,76800.000000,1052.067000,1049.940000,458.200000,6.900416,89600.000000,1051.848000,1049.940000,535.800000,6.881032,102400.000000,1051.848000,1049.940000,610.700000,6.881032,115200.000000,1051.719000,1049.940000,687.300000,6.869611
Inst_m20_n320_pi0.5_TF0.6_R0.6_6.txt,20,320,746.680000,10,115.318538,808.962000,12800.000000,824.301000,812.390000,75.500000,9.416584,25600.000000,815.952000,809.930000,145.600000,8.489715,38400.000000,814.021000,808.050000,213.700000,8.272637,51200.000000,813.077000,808.050000,284.400000,8.166139,64000.000000,812.061000,807.980000,352.600000,8.051242,76800.000000,811.244000,807.980000,421.400000,7.958641,89600.000000,809.848000,806.850000,489.600000,7.799982,102400.000000,809.155000,806.350000,556.500000,7.721018,115200.000000,808.962000,806.350000,624.200000,7.699002
Inst_m20_n320_pi0.5_TF0.6_R0.6_7.txt,20,320,870.920000,10,115.259230,952.148000,12800.000000,962.280000,953.360000,75.300000,9.494118,25600.000000,954.130000,946.870000,148.200000,8.721034,38400.000000,953.960000,946.870000,221.300000,8.704767,51200.000000,953.611000,946.870000,294.000000,8.671356,64000.000000,952.628000,946.870000,367.000000,8.577115,76800.000000,952.321000,946.870000,439.400000,8.547643,89600.000000,952.321000,946.870000,512.400000,8.547643,102400.000000,952.321000,946.870000,585.900000,8.547643,115200.000000,952.148000,946.870000,657.400000,8.531027
Inst_m20_n320_pi0.5_TF0.6_R0.6_8.txt,20,320,871.210000,10,115.289738,947.131000,12800.000000,959.352000,947.330000,77.500000,9.187660,25600.000000,950.929000,942.370000,154.900000,8.383276,38400.000000,949.765000,942.090000,230.500000,8.270993,51200.000000,949.113000,942.090000,305.800000,8.207979,64000.000000,949.099000,942.090000,380.800000,8.206625,76800.000000,948.039000,942.090000,456.500000,8.103992,89600.000000,947.489000,942.090000,529.300000,8.050648,102400.000000,947.399000,942.090000,605.200000,8.041913,115200.000000,947.131000,942.090000,682.100000,8.015892
Inst_m20_n320_pi0.5_TF0.6_R0.6_9.txt,20,320,770.140000,10,115.226813,812.730000,12800.000000,818.820000,813.350000,78.100000,5.945141,25600.000000,814.166000,812.210000,160.600000,5.407497,38400.000000,813.656000,812.210000,243.200000,5.348206,51200.000000,813.338000,812.210000,326.800000,5.311199,64000.000000,813.115000,810.940000,409.100000,5.285230,76800.000000,812.957000,810.940000,492.800000,5.266822,89600.000000,812.743000,810.940000,577.200000,5.241878,102400.000000,812.730000,810.940000,660.600000,5.240363,115200.000000,812.730000,810.940000,743.900000,5.240363
Inst_m20_n320_pi1.0_TF0.4_R0.4_1.txt,20,320,1889.080000,10,115.265653,2032.518000,12800.000000,2048.001000,2035.030000,81.500000,7.759811,25600.000000,2036.263000,2032.040000,161.000000,7.228094,38400.000000,2034.708000,2030.750000,236.000000,7.157194,51200.000000,2034.638000,2030.050000,308.500000,7.154000,64000.000000,2034.119000,2030.050000,380.200000,7.130310,76800.000000,2033.035000,2030.050000,454.100000,7.080793,89600.000000,2032.952000,2030.050000,527.000000,7.076999,102400.000000,2032.726000,2030.050000,600.200000,7.066668,115200.000000,2032.518000,2029.750000,673.100000,7.057158
Inst_m20_n320_pi1.0_TF0.4_R0.4_10.txt,20,320,1670.800000,10,115.270368,1854.562000,12800.000000,1879.444000,1858.590000,77.100000,11.101368,25600.000000,1865.982000,1855.690000,153.900000,10.460015,38400.000000,1860.308000,1852.640000,231.400000,10.186915,51200.000000,1858.067000,1852.640000,310.600000,10.078592,64000.000000,1858.046000,1852.640000,390.200000,10.077576,76800.000000,1856.725000,1848.470000,469.400000,10.013599,89600.000000,1855.989000,1848.470000,549.700000,9.977915,102400.000000,1855.426000,1848.470000,628.200000,9.950599,115200.000000,1854.562000,1848.470000,707.600000,9.908647
Inst_m20_n320_pi1.0_TF0.4_R0.4_2.txt,20,320,1651.060000,10,115.264949,1752.969000,12800.000000,1760.631000,1753.750000,74.900000,6.223394,25600.000000,1756.457000,1753.750000,148.300000,6.000545,38400.000000,1754.935000,1751.590000,219.600000,5.919023,51200.000000,1754.101000,1751.590000,291.000000,5.874291,64000.000000,1753.726000,1751.590000,361.000000,5.854164,76800.000000,1753.321000,1750.310000,432.300000,5.832417,89600.000000,1753.321000,1750.310000,502.600000,5.832417,102400.000000,1753.219000,1750.310000,575.000000,5.826939,115200.000000,1752.969000,1750.310000,644.400000,5.813508
Inst_m20_n320_pi1.0_TF0.4_R0.4_3.txt,20,320,1433.600000,10,115.288634,1555.515000,12800.000000,1585.377000,1555.340000,85.100000,9.573559,25600.000000,1562.636000,1552.670000,162.600000,8.257585,38400.000000,1557.498000,1552.670000,238.900000,7.954938,51200.000000,1555.638000,1550.900000,313.100000,7.844884,64000.000000,1555.638000,1550.900000,385.700000,7.844884,76800.000000,1555.638000,1550.900000,456.300000,7.844884,89600.000000,1555.622000,1550.900000,529.900000,7.843936,102400.000000,1555.515000,1550.900000,606.000000,7.837597,115200.000000,1555.515000,1550.900000,682.300000,7.837597
Inst_m20_n320_pi1.0_TF0.4_R0.4_4.txt,20,320,1224.900000,10,115.368112,1353.418000,12800.000000,1367.484000,1349.840000,76.600000,10.426740,25600.000000,1361.528000,1348.240000,151.500000,10.034902,38400.000000,1359.055000,1345.600000,224.900000,9.871197,51200.000000,1358.344000,1345.600000,295.100000,9.824021,64000.000000,1356.892000,1345.600000,362.200000,9.727524,76800.000000,1356.337000,1345.600000,432.900000,9.690586,89600.000000,1355.658000,1345.060000,501.800000,9.645353,102400.000000,1353.501000,1344.580000,573.400000,9.501360,115200.000000,1353.418000,1344.580000,640.300000,9.495810
Inst_m20_n320_pi1.0_TF0.4_R0.4_5.txt,20,320,1976.360000,10,115.282009,2101.427000,12800.000000,2103.492000,2101.280000,110.400000,6.043855,25600.000000,2101.456000,2101.280000,221.500000,5.952825,38400.000000,2101.427000,2101.280000,332.000000,5.951527,51200.000000,2101.427000,2101.280000,441.900000,5.951527,64000.000000,2101.427000,2101.280000,551.600000,5.951527,76800.000000,2101.427000,2101.280000,660.600000,5.951527,89600.000000,2101.427000,2101.280000,771.600000,5.951527,102400.000000,2101.427000,2101.280000,878.200000,5.951527,115200.000000,2101.427000,2101.280000,984.200000,5.951527
Inst_m20_n320_pi1.0_TF0.4_R0.4_6.txt,20,320,1578.670000,10,115.250900,1705.834000,12800.000000,1730.078000,1707.080000,88.800000,8.751513,25600.000000,1715.258000,1701.100000,176.400000,7.963117,38400.000000,1710.045000,1701.100000,265.600000,7.682546,51200.000000,1708.710000,1701.100000,351.800000,7.610420,64000.000000,1707.853000,1701.100000,441.500000,7.564058,76800.000000,1706.962000,1701.100000,531.900000,7.515809,89600.000000,1706.638000,1701.100000,623.700000,7.498251,102400.000000,1705.834000,1701.100000,714.500000,7.454653,115200.000000,1705.834000,1701.100000,806.200000,7.454653
Inst_m20_n320_pi1.0_TF0.4_R0.4_7.txt,20,320,2100.770000,10,115.298771,2212.030000,12800.000000,2212.789000,2212.000000,102.700000,5.062344,25600.000000,2212.030000,2212.000000,222.400000,5.029769,38400.000000,2212.030000,2212.000000,342.600000,5.029769,51200.000000,2212.030000,2212.000000,467.300000,5.029769,64000.000000,2212.030000,2212.000000,586.800000,5.029769,76800.000000,2212.030000,2212.000000,708.700000,5.029769,89600.000000,2212.030000,2212.000000,829.000000,5.029769,102400.000000,2212.030000,2212.000000,951.400000,5.029769,115200.000000,2212.030000,2212.000000,1066.300000,5.029769
Inst_m20_n320_pi1.0_TF0.4_R0.4_8.txt,20,320,1282.580000,10,115.260935,1395.399000,12800.000000,1419.007000,1393.680000,82.400000,9.614258,25600.000000,1401.686000,1391.290000,161.300000,8.497338,38400.000000,1396.338000,1390.570000,239.100000,8.146881,51200.000000,1395.944000,1390.570000,315.300000,8.120956,64000.000000,1395.855000,1390.570000,393.100000,8.115098,76800.000000,1395.855000,1390.570000,469.600000,8.115098,89600.000000,1395.855000,1390.570000,547.200000,8.115098,102400.000000,1395.713000,1390.570000,625.300000,8.105750,115200.000000,1395.399000,1390.570000,704.700000,8.085071
Inst_m20_n320_pi1.0_TF0.4_R0.4_9.txt,20,320,2541.980000,10,115.288834,2698.728000,12800.000000,2726.422000,2707.430000,82.200000,6.764984,25600.000000,2711.500000,2704.860000,163.100000,6.251890,38400.000000,2710.337000,2696.370000,246.700000,6.211663,51200.000000,2708.224000,2695.740000,329.900000,6.138488,64000.000000,2706.255000,2695.740000,409.900000,6.070197,76800.000000,2701.992000,2694.830000,492.400000,5.922001,89600.000000,2699.931000,2689.620000,572.700000,5.850187,102400.000000,2699.262000,2689.620000,654.000000,5.826852,115200.000000,2698.728000,2689.620000,734.800000,5.808218
Inst_m20_n320_pi1.0_TF0.4_R0.6_1.txt,20,320,1808.130000,10,115.265978,1911.750000,12800.000000,1930.686000,1911.970000,79.100000,6.347796,25600.000000,1915.975000,1911.970000,159.000000,5.628727,38400.000000,1912.561000,1911.470000,241.200000,5.460270,51200.000000,1912.056000,1911.470000,327.800000,5.435301,64000.000000,1912.006000,1911.470000,411.600000,5.432828,76800.000000,1911.968000,1911.470000,495.700000,5.430949,89600.000000,1911.968000,1911.470000,580.200000,5.430949,102400.000000,1911.750000,1911.470000,666.400000,5.420165,115200.000000,1911.750000,1911.470000,753.600000,5.420165
Inst_m20_n320_pi1.0_TF0.4_R0.6_10.txt,20,320,1939.050000,10,115.366839,2092.826000,12800.000000,2134.694000,2104.790000,68.200000,9.164967,25600.000000,2107.398000,2085.710000,136.200000,7.988429,38400.000000,2099.096000,2085.710000,205.300000,7.624520,51200.000000,2097.537000,2085.710000,272.500000,7.555862,64000.000000,2096.596000,2085.710000,339.400000,7.514371,76800.000000,2096.163000,2085.710000,405.100000,7.495266,89600.000000,2095.006000,2085.710000,471.500000,7.444179,102400.000000,2094.282000,2085.710000,536.400000,7.412182,115200.000000,2092.826000,2085.710000,602.300000,7.347768
Inst_m20_n320_pi1.0_TF0.4_R0.6_2.txt,20,320,1393.630000,10,115.260453,1481.690000,12800.000000,1489.841000,1481.690000,94.400000,6.457803,25600.000000,1482.130000,1481.690000,191.500000,5.971136,38400.000000,1481.890000,1481.690000,284.800000,5.955908,51200.000000,1481.766000,1481.690000,381.300000,5.948038,64000.000000,1481.690000,1481.690000,474.000000,5.943213,76800.000000,1481.690000,1481.690000,568.400000,5.943213,89600.000000,1481.690000,1481.690000,666.500000,5.943213,102400.000000,1481.690000,1481.690000,761.700000,5.943213,115200.000000,1481.690000,1481.690000,855.600000,5.943213
Inst_m20_n320_pi1.0_TF0.4_R0.6_3.txt,20,320,1498.090000,10,115.322982,1650.465000,12800.000000,1696.003000,1664.320000,71.900000,11.669378,25600.000000,1672.958000,1654.300000,138.800000,10.452623,38400.000000,1659.778000,1650.270000,205.500000,9.741544,51200.000000,1656.573000,1650.270000,272.500000,9.566919,64000.000000,1653.653000,1645.790000,333.700000,9.407234,76800.000000,1651.643000,1644.480000,398.500000,9.296985,89600.000000,1651.145000,1644.480000,465.000000,9.269628,102400.000000,1651.145000,1644.480000,531.200000,9.269628,115200.000000,1650.465000,1644.480000,597.500000,9.232247
Inst_m20_n320_pi1.0_TF0.4_R0.6_4.txt,20,320,2068.360000,10,115.304115,2208.575000,12800.000000,2224.336000,2209.020000,72.500000,7.012250,25600.000000,2211.493000,2201.730000,144.600000,6.472234,38400.000000,2209.524000,2201.730000,216.500000,6.388887,51200.000000,2209.524000,2201.730000,286.500000,6.388887,64000.000000,2208.698000,2201.730000,358.400000,6.353879,76800.000000,2208.575000,2201.730000,431.900000,6.348664,89600.000000,2208.575000,2201.730000,504.700000,6.348664,102400.000000,2208.575000,2201.730000,577.400000,6.348664,115200.000000,2208.575000,2201.730000,647.400000,6.348664
Inst_m20_n320_pi1.0_TF0.4_R0.6_5.txt,20,320,1963.030000,10,115.258053,2104.617000,12800.000000,2110.756000,2104.580000,83.900000,6.998725,25600.000000,2106.404000,2102.700000,165.400000,6.806577,38400.000000,2106.290000,2102.700000,244.900000,6.801533,51200.000000,2105.896000,2102.700000,324.200000,6.784096,64000.000000,2105.694000,2102.540000,405.200000,6.775153,76800.000000,2105.501000,2102.540000,486.500000,6.766608,89600.000000,2104.949000,2099.060000,568.600000,6.742159,102400.000000,2104.813000,2099.060000,652.000000,6.736133,115200.000000,2104.617000,2099.060000,732.500000,6.727447
Inst_m20_n320_pi1.0_TF0.4_R0.6_6.txt,20,320,1579.420000,10,115.280933,1682.006000,12800.000000,1691.288000,1683.720000,74.700000,6.614367,25600.000000,1685.850000,1681.510000,151.400000,6.313136,38400.000000,1682.875000,1681.510000,226.600000,6.147515,51200.000000,1682.676000,1681.510000,300.600000,6.136416,64000.000000,1682.562000,1681.510000,377.400000,6.130056,76800.000000,1682.510000,1681.510000,453.800000,6.127155,89600.000000,1682.175000,1681.510000,527.800000,6.108461,102400.000000,1682.030000,1681.510000,608.000000,6.100367,115200.000000,1682.006000,1681.510000,683.700000,6.099027
Inst_m20_n320_pi1.0_TF0.4_R0.6_7.txt,20,320,1314.120000,10,115.293079,1415.388000,12800.000000,1424.364000,1411.060000,79.500000,7.739875,25600.000000,1416.589000,1410.020000,157.600000,7.233502,38400.000000,1415.970000,1410.020000,231.700000,7.192949,51200.000000,1415.970000,1410.020000,307.100000,7.192949,64000.000000,1415.970000,1410.020000,381.600000,7.192949,76800.000000,1415.803000,1410.020000,456.300000,7.182002,89600.000000,1415.548000,1410.020000,531.800000,7.165282,102400.000000,1415.496000,1410.020000,606.700000,7.161871,115200.000000,1415.388000,1410.020000,678.500000,7.154787
Inst_m20_n320_pi1.0_TF0.4_R0.6_8.txt,20,320,1381.820000,10,115.282142,1483.930000,12800.000000,1487.621000,1483.930000,83.800000,7.112094,25600.000000,1484.119000,1483.930000,168.400000,6.892911,38400.000000,1484.028000,1483.930000,253.400000,6.887202,51200.000000,1483.930000,1483.930000,339.900000,6.881052,64000.000000,1483.930000,1483.930000,424.200000,6.881052,76800.000000,1483.930000,1483.930000,510.000000,6.881052,89600.000000,1483.930000,1483.930000,594.200000,6.881052,102400.000000,1483.930000,1483.930000,677.600000,6.881052,115200.000000,1483.930000,1483.930000,761.400000,6.881052
Inst_m20_n320_pi1.0_TF0.4_R0.6_9.txt,20,320,1478.620000,10,115.308532,1552.680000,12800.000000,1593.850000,1554.350000,73.700000,7.229664,25600.000000,1561.312000,1552.220000,142.800000,5.296315,38400.000000,1556.198000,1552.150000,211.600000,4.985098,51200.000000,1554.787000,1551.840000,280.300000,4.898870,64000.000000,1554.475000,1551.840000,351.200000,4.879783,76800.000000,1554.213000,1551.840000,420.900000,4.863748,89600.000000,1553.513000,1549.170000,490.000000,4.820880,102400.000000,1553.039000,1549.170000,560.300000,4.791831,115200.000000,1552.680000,1549.170000,628.900000,4.769817
Inst_m20_n320_pi1.0_TF0.6_R0.4_1.txt,20,320,1741.200000,10,115.302310,1853.859000,12800.000000,1888.675000,1861.310000,80.600000,7.808384,25600.000000,1865.195000,1853.290000,164.800000,6.647830,38400.000000,1860.332000,1853.290000,249.700000,6.403803,51200.000000,1856.402000,1853.290000,335.500000,6.205660,64000.000000,1855.566000,1853.290000,420.100000,6.163402,76800.000000,1855.276000,1853.290000,503.100000,6.148735,89600.000000,1854.974000,1851.580000,587.100000,6.133455,102400.000000,1854.045000,1851.580000,674.700000,6.086422,115200.000000,1853.859000,1851.580000,760.300000,6.076999
Inst_m20_n320_pi1.0_TF0.6_R0.4_10.txt,20,320,1331.330000,10,115.282241,1410.394000,12800.000000,1442.420000,1402.500000,69.000000,7.701640,25600.000000,1419.586000,1402.410000,142.000000,6.217024,38400.000000,1413.327000,1402.410000,213.200000,5.801701,51200.000000,1412.898000,1402.410000,286.200000,5.773099,64000.000000,1412.435000,1402.410000,359.100000,5.742211,76800.000000,1412.435000,1402.410000,430.500000,5.742211,89600.000000,1412.435000,1402.410000,504.900000,5.742211,102400.000000,1411.362000,1402.410000,577.400000,5.670551,115200.000000,1410.394000,1402.410000,647.300000,5.605809
Inst_m20_n320_pi1.0_TF0.6_R0.4_2.txt,20,320,1508.710000,10,115.242800,1638.438000,12800.000000,1686.187000,1646.030000,75.200000,10.525345,25600.000000,1663.577000,1646.030000,147.100000,9.309278,38400.000000,1648.401000,1638.070000,219.000000,8.474334,51200.000000,1644.772000,1634.310000,290.000000,8.272393,64000.000000,1642.541000,1634.310000,359.000000,8.147803,76800.000000,1641.720000,1634.310000,429.800000,8.101869,89600.000000,1641.088000,1634.310000,501.600000,8.066478,102400.000000,1640.448000,1634.310000,569.800000,8.030611,115200.000000,1638.438000,1634.310000,641.500000,7.917785
Inst_m20_n320_pi1.0_TF0.6_R0.4_3.txt,20,320,1396.900000,10,115.289465,1476.033000,12800.000000,1501.350000,1477.260000,87.600000,6.957072,25600.000000,1479.988000,1475.590000,166.600000,5.614100,38400.000000,1477.325000,1475.590000,241.200000,5.443961,51200.000000,1476.908000,1475.590000,315.800000,5.417264,64000.000000,1476.752000,1475.590000,392.600000,5.407272,76800.000000,1476.736000,1475.590000,468.400000,5.406247,89600.000000,1476.736000,1475.590000,541.900000,5.406247,102400.000000,1476.231000,1475.590000,617.300000,5.373888,115200.000000,1476.033000,1475.590000,694.200000,5.361194
Inst_m20_n320_pi1.0_TF0.6_R0.4_4.txt,20,320,1411.780000,10,115.224535,1531.616000,12800.000000,1547.408000,1526.630000,77.600000,8.764851,25600.000000,1538.950000,1526.630000,155.000000,8.263426,38400.000000,1535.243000,1526.630000,231.600000,8.041919,51200.000000,1532.484000,1526.310000,309.300000,7.876363,64000.000000,1531.754000,1526.310000,386.600000,7.832459,76800.000000,1531.649000,1526.310000,466.300000,7.826140,89600.000000,1531.616000,1526.310000,548.000000,7.824154,102400.000000,1531.616000,1526.310000,626.700000,7.824154,115200.000000,1531.616000,1526.310000,706.600000,7.824154
Inst_m20_n320_pi1.0_TF0.6_R0.4_5.txt,20,320,1656.100000,10,115.289266,1815.589000,12800.000000,1824.275000,1811.480000,71.400000,9.218731,25600.000000,1819.190000,1801.120000,145.400000,8.964979,38400.000000,1817.949000,1801.120000,217.900000,8.902835,51200.000000,1817.902000,1801.120000,290.300000,8.900480,64000.000000,1817.902000,1801.120000,361.400000,8.900480,76800.000000,1816.793000,1801.120000,432.200000,8.844871,89600.000000,1816.793000,1801.120000,504.000000,8.844871,102400.000000,1816.472000,1801.120000,576.000000,8.828763,115200.000000,1815.589000,1801.120000,648.900000,8.784422
Inst_m20_n320_pi1.0_TF0.6_R0.4_6.txt,20,320,1521.730000,10,115.272302,1654.287000,12800.000000,1687.668000,1661.310000,79.300000,9.832384,25600.000000,1665.571000,1651.720000,149.900000,8.636137,38400.000000,1662.369000,1651.720000,221.300000,8.460155,51200.000000,1659.368000,1651.340000,288.900000,8.294604,64000.000000,1657.444000,1645.510000,359.000000,8.188150,76800.000000,1655.654000,1645.510000,429.300000,8.088888,89600.000000,1655.302000,1645.510000,499.000000,8.069343,102400.000000,1654.308000,1645.510000,568.200000,8.014106,115200.000000,1654.287000,1645.510000,638.600000,8.012939
Inst_m20_n320_pi1.0_TF0.6_R0.4_7.txt,20,320,1480.620000,10,115.242699,1594.801000,12800.000000,1625.403000,1598.010000,79.000000,8.907514,25600.000000,1600.280000,1592.920000,158.200000,7.477441,38400.000000,1597.133000,1592.920000,236.300000,7.295134,51200.000000,1596.332000,1592.920000,314.000000,7.248617,64000.000000,1595.427000,1591.610000,391.500000,7.196005,76800.000000,1595.254000,1591.190000,469.500000,7.185940,89600.000000,1595.085000,1591.190000,546.900000,7.176107,102400.000000,1594.801000,1591.190000,625.100000,7.159577,115200.000000,1594.801000,1591.190000,703.200000,7.159577
Inst_m20_n320_pi1.0_TF0.6_R0.4_8.txt,20,320,1617.030000,10,115.291374,1746.228000,12800.000000,1771.734000,1751.260000,85.600000,8.731785,25600.000000,1754.480000,1743.500000,175.300000,7.834230,38400.000000,1751.229000,1743.500000,260.900000,7.663133,51200.000000,1750.401000,1743.500000,346.100000,7.619454,64000.000000,1748.980000,1743.500000,431.500000,7.544397,76800.000000,1748.382000,1743.500000,516.900000,7.512775,89600.000000,1747.383000,1743.500000,603.700000,7.459899,102400.000000,1747.247000,1743.500000,687.800000,7.452696,115200.000000,1746.228000,1743.500000,771.900000,7.398690
Inst_m20_n320_pi1.0_TF0.6_R0.4_9.txt,20,320,1889.300000,10,115.283145,1999.168000,12800.000000,2036.136000,2008.960000,76.900000,7.211503,25600.000000,2008.308000,1997.420000,157.100000,5.925784,38400.000000,2004.667000,1994.400000,238.100000,5.754921,51200.000000,2003.484000,1994.400000,321.300000,5.699272,64000.000000,2002.156000,1994.400000,402.900000,5.636724,76800.000000,2001.233000,1993.720000,486.700000,5.593202,89600.000000,1999.585000,1993.720000,568.500000,5.515394,102400.000000,1999.183000,1993.720000,651.100000,5.496395,115200.000000,1999.168000,1993.720000,734.900000,5.495686
Inst_m20_n320_pi1.0_TF0.6_R0.6_1.txt,20,320,1806.120000,10,115.306426,1911.885000,12800.000000,1935.745000,1911.910000,90.500000,6.696388,25600.000000,1913.857000,1911.260000,185.000000,5.629313,38400.000000,1913.144000,1911.260000,281.100000,5.594142,51200.000000,1912.838000,1911.260000,378.300000,5.579040,64000.000000,1912.838000,1911.260000,472.900000,5.579040,76800.000000,1912.838000,1911.260000,570.400000,5.579040,89600.000000,1912.838000,1911.260000,667.400000,5.579040,102400.000000,1912.838000,1911.260000,765.400000,5.579040,115200.000000,1911.885000,1911.260000,859.800000,5.531975
Inst_m20_n320_pi1.0_TF0.6_R0.6_10.txt,20,320,1483.010000,10,115.288963,1600.393000,12800.000000,1624.770000,1598.330000,78.900000,8.724927,25600.000000,1612.706000,1597.010000,156.900000,8.042135,38400.000000,1604.022000,1597.010000,235.700000,7.544286,51200.000000,1602.111000,1597.010000,314.800000,7.434004,64000.000000,1601.109000,1597.010000,393.900000,7.376075,76800.000000,1601.109000,1597.010000,472.700000,7.376075,89600.000000,1600.994000,1597.010000,552.500000,7.369422,102400.000000,1600.495000,1596.110000,632.900000,7.340542,115200.000000,1600.393000,1596.110000,711.600000,7.334636
Inst_m20_n320_pi1.0_TF0.6_R0.6_2.txt,20,320,1760.100000,10,115.268792,1909.762000,12800.000000,1944.222000,1907.640000,74.900000,9.470215,25600.000000,1919.165000,1907.640000,147.600000,8.288240,38400.000000,1915.551000,1907.640000,221.300000,8.115211,51200.000000,1914.341000,1903.590000,293.100000,8.057133,64000.000000,1913.044000,1903.590000,365.000000,7.994798,76800.000000,1912.681000,1903.590000,437.900000,7.977337,89600.000000,1911.912000,1900.940000,510.500000,7.940324,102400.000000,1911.314000,1900.940000,583.800000,7.911521,115200.000000,1909.762000,1900.940000,655.500000,7.836683
Inst_m20_n320_pi1.0_TF0.6_R0.6_3.txt,20,320,1690.240000,10,115.264376,1784.365000,12800.000000,1809.325000,1785.770000,79.200000,6.581736,25600.000000,1794.497000,1783.890000,154.200000,5.809817,38400.000000,1791.509000,1783.890000,229.900000,5.652721,51200.000000,1788.424000,1783.890000,305.800000,5.489973,64000.000000,1786.636000,1783.890000,380.700000,5.395391,76800.000000,1785.417000,1779.520000,455.800000,5.330799,89600.000000,1784.981000,1779.520000,533.300000,5.307676,102400.000000,1784.373000,1779.520000,608.600000,5.275410,115200.000000,1784.365000,1779.520000,684.700000,5.274986
Inst_m20_n320_pi1.0_TF0.6_R0.6_4.txt,20,320,1672.060000,10,115.264976,1808.207000,12800.000000,1839.763000,1815.350000,80.800000,9.115468,25600.000000,1818.942000,1807.230000,157.500000,8.075134,38400.000000,1812.411000,1805.670000,231.900000,7.743884,51200.000000,1811.626000,1805.670000,307.800000,7.703908,64000.000000,1810.226000,1805.670000,383.100000,7.632528,76800.000000,1809.410000,1805.670000,459.600000,7.590872,89600.000000,1809.097000,1805.670000,536.800000,7.574884,102400.000000,1808.714000,1805.670000,611.200000,7.555313,115200.000000,1808.207000,1805.670000,687.900000,7.529392
Inst_m20_n320_pi1.0_TF0.6_R0.6_5.txt,20,320,2452.900000,10,115.262067,2654.605000,12800.000000,2687.802000,2664.940000,78.200000,8.739557,25600.000000,2662.596000,2655.340000,156.600000,7.875622,38400.000000,2659.339000,2653.070000,235.500000,7.762794,51200.000000,2657.929000,2653.070000,311.200000,7.713863,64000.000000,2657.587000,2653.070000,387.200000,7.701987,76800.000000,2656.473000,2650.680000,464.500000,7.663281,89600.000000,2655.438000,2650.680000,539.900000,7.627292,102400.000000,2655.077000,2650.680000,618.800000,7.614732,115200.000000,2654.605000,2650.680000,696.200000,7.598306
Inst_m20_n320_pi1.0_TF0.6_R0.6_6.txt,20,320,1739.770000,10,115.284449,1867.137000,12800.000000,1876.703000,1863.970000,80.000000,7.296466,25600.000000,1871.557000,1863.970000,158.900000,7.041570,38400.000000,1869.613000,1863.970000,239.100000,6.944913,51200.000000,1868.998000,1863.970000,317.600000,6.914293,64000.000000,1868.532000,1863.970000,396.300000,6.891078,76800.000000,1868.425000,1863.690000,472.500000,6.885746,89600.000000,1868.425000,1863.690000,552.700000,6.885746,102400.000000,1868.105000,1863.690000,630.800000,6.869796,115200.000000,1867.137000,1863.690000,706.700000,6.821513
Inst_m20_n320_pi1.0_TF0.6_R0.6_7.txt,20,320,1730.000000,10,115.285453,1864.395000,12800.000000,1920.975000,1870.010000,72.100000,9.941566,25600.000000,1888.116000,1870.010000,145.100000,8.374274,38400.000000,1873.048000,1857.400000,218.800000,7.637177,51200.000000,1868.066000,1857.400000,290.500000,7.390852,64000.000000,1867.468000,1857.400000,362.500000,7.361197,76800.000000,1866.343000,1857.400000,437.200000,7.305356,89600.000000,1866.343000,1857.400000,510.800000,7.305356,102400.000000,1865.682000,1857.400000,584.300000,7.272515,115200.000000,1864.395000,1857.400000,657.600000,7.208505
Inst_m20_n320_pi1.0_TF0.6_R0.6_8.txt,20,320,1715.000000,10,115.250428,1803.134000,12800.000000,1815.662000,1804.200000,84.200000,5.544094,25600.000000,1807.993000,1804.160000,167.900000,5.143438,38400.000000,1806.351000,1803.050000,251.500000,5.057212,51200.000000,1805.705000,1803.050000,336.600000,5.023246,64000.000000,1805.047000,1802.920000,420.200000,4.988624,76800.000000,1803.721000,1802.470000,506.400000,4.918776,89600.000000,1803.541000,1802.100000,591.800000,4.909287,102400.000000,1803.249000,1802.100000,673.700000,4.893889,115200.000000,1803.134000,1802.100000,757.500000,4.887823
Inst_m20_n320_pi1.0_TF0.6_R0.6_9.txt,20,320,1381.850000,10,115.287658,1467.859000,12800.000000,1480.141000,1471.020000,79.700000,6.640651,25600.000000,1470.869000,1467.180000,155.000000,6.052137,38400.000000,1469.781000,1467.180000,230.400000,5.982592,51200.000000,1469.351000,1466.770000,304.900000,5.955078,64000.000000,1468.886000,1466.770000,379.400000,5.925307,76800.000000,1468.645000,1466.770000,455.400000,5.909869,89600.000000,1468.333000,1466.770000,530.000000,5.889876,102400.000000,1467.922000,1466.770000,603.100000,5.863527,115200.000000,1467.859000,1466.770000,678.600000,5.859487
Inst_m20_n320_pi2.0_TF0.4_R0.4_1.txt,20,320,3659.120000,10,115.280291,3974.524000,12800.000000,3996.020000,3978.930000,64.300000,8.430889,25600.000000,3984.119000,3964.970000,132.200000,8.157362,38400.000000,3980.928000,3964.970000,201.200000,8.083743,51200.000000,3978.207000,3964.970000,268.700000,8.020875,64000.000000,3975.918000,3964.970000,336.800000,7.967921,76800.000000,3975.034000,3964.970000,406.600000,7.947454,89600.000000,3974.524000,3964.970000,475.600000,7.935642,102400.000000,3974.524000,3964.970000,542.900000,7.935642,115200.000000,3974.524000,3964.970000,611.700000,7.935642
Inst_m20_n320_pi2.0_TF0.4_R0.4_10.txt,20,320,3217.530000,10,115.264035,3426.075000,12800.000000,3431.103000,3415.820000,84.000000,6.224616,25600.000000,3426.988000,3415.820000,174.200000,6.112014,38400.000000,3426.988000,3415.820000,266.100000,6.112014,51200.000000,3426.075000,3415.820000,357.500000,6.086995,64000.000000,3426.075000,3415.820000,449.100000,6.086995,76800.000000,3426.075000,3415.820000,539.300000,6.086995,89600.000000,3426.075000,3415.820000,628.800000,6.086995,102400.000000,3426.075000,3415.820000,719.700000,6.086995,115200.000000,3426.075000,3415.820000,805.900000,6.086995
Inst_m20_n320_pi2.0_TF0.4_R0.4_2.txt,20,320,2878.060000,10,115.268349,3094.643000,12800.000000,3099.473000,3093.380000,86.300000,7.143569,25600.000000,3097.770000,3093.380000,171.100000,7.092521,38400.000000,3096.635000,3093.380000,256.100000,7.058468,51200.000000,3095.196000,3093.380000,341.300000,7.015258,64000.000000,3095.172000,3093.380000,431.000000,7.014537,76800.000000,3095.172000,3093.380000,513.400000,7.014537,89600.000000,3094.667000,3090.130000,596.800000,6.999364,102400.000000,3094.643000,3090.130000,681.100000,6.998642,115200.000000,3094.643000,3090.130000,766.200000,6.998642
Inst_m20_n320_pi2.0_TF0.4_R0.4_3.txt,20,320,3008.420000,10,115.253698,3314.021000,12800.000000,3361.995000,3318.720000,69.400000,10.516821,25600.000000,3323.772000,3309.790000,137.000000,9.487775,38400.000000,3319.871000,3309.790000,201.000000,9.381419,51200.000000,3318.061000,3309.790000,265.400000,9.331986,64000.000000,3316.074000,3301.300000,330.200000,9.277658,76800.000000,3314.096000,3301.300000,393.000000,9.223511,89600.000000,3314.096000,3301.300000,456.500000,9.223511,102400.000000,3314.021000,3301.300000,520.300000,9.221456,115200.000000,3314.021000,3301.300000,582.200000,9.221456
Inst_m20_n320_pi2.0_TF0.4_R0.4_4.txt,20,320,2810.240000,10,115.273972,3067.120000,12800.000000,3101.813000,3066.060000,70.000000,9.400083,25600.000000,3073.791000,3061.110000,137.800000,8.574135,38400.000000,3069.247000,3061.110000,206.500000,8.438780,51200.000000,3067.831000,3056.700000,273.700000,8.396519,64000.000000,3067.120000,3056.700000,339.800000,8.375284,76800.000000,3067.120000,3056.700000,406.100000,8.375284,89600.000000,3067.120000,3056.700000,474.600000,8.375284,102400.000000,3067.120000,3056.700000,543.800000,8.375284,115200.000000,3067.120000,3056.700000,609.200000,8.375284
Inst_m20_n320_pi2.0_TF0.4_R0.4_5.txt,20,320,2423.380000,10,115.288925,2598.894000,12800.000000,2630.824000,2596.150000,84.300000,7.885134,25600.000000,2603.405000,2596.150000,162.000000,6.914982,38400.000000,2601.281000,2596.150000,243.900000,6.838977,51200.000000,2600.451000,2596.150000,323.400000,6.809242,64000.000000,2599.987000,2596.150000,401.600000,6.792611,76800.000000,2599.465000,2596.150000,477.100000,6.773894,89600.000000,2599.186000,2596.150000,556.500000,6.763887,102400.000000,2598.894000,2596.150000,638.000000,6.753411,115200.000000,2598.894000,2596.150000,715.100000,6.753411
Inst_m20_n320_pi2.0_TF0.4_R0.4_6.txt,20,320,2132.720000,10,115.316721,2297.273000,12800.000000,2315.122000,2288.220000,67.300000,7.878721,25600.000000,2300.060000,2286.530000,133.600000,7.275462,38400.000000,2299.224000,2286.530000,201.800000,7.241748,51200.000000,2298.561000,2286.530000,268.900000,7.214992,64000.000000,2298.294000,2286.530000,334.500000,7.204213,76800.000000,2298.250000,2286.530000,400.300000,7.202437,89600.000000,2298.111000,2286.530000,466.900000,7.196824,102400.000000,2297.893000,2286.530000,535.700000,7.188020,115200.000000,2297.273000,2286.530000,604.900000,7.162971
Inst_m20_n320_pi2.0_TF0.4_R0.4_7.txt,20,320,3260.970000,10,115.285611,3422.655000,12800.000000,3441.486000,3425.480000,67.300000,5.245292,25600.000000,3431.001000,3418.620000,132.900000,4.955726,38400.000000,3428.705000,3418.620000,197.900000,4.892080,51200.000000,3427.992000,3418.620000,263.400000,4.872298,64000.000000,3427.227000,3418.620000,328.000000,4.851065,76800.000000,3425.446000,3418.300000,391.300000,4.801594,89600.000000,3423.440000,3418.300000,456.400000,4.745811,102400.000000,3422.655000,3417.630000,518.300000,4.723964,115200.000000,3422.655000,3417.630000,579.500000,4.723964
Inst_m20_n320_pi2.0_TF0.4_R0.4_8.txt,20,320,3997.580000,10,115.279490,4247.649000,12800.000000,4349.367000,4282.570000,74.700000,8.088234,25600.000000,4304.296000,4247.050000,145.200000,7.125811,38400.000000,4273.139000,4240.860000,214.800000,6.448632,51200.000000,4259.464000,4240.860000,284.800000,6.148285,64000.000000,4256.371000,4240.860000,352.000000,6.080086,76800.000000,4254.767000,4236.290000,420.200000,6.044679,89600.000000,4252.960000,4236.290000,487.500000,6.004759,102400.000000,4251.075000,4236.290000,556.000000,5.963080,115200.000000,4247.649000,4236.290000,624.600000,5.887233
Inst_m20_n320_pi2.0_TF0.4_R0.4_9.txt,20,320,4030.090000,10,115.278987,4255.100000,12800.000000,4258.919000,4255.100000,92.400000,5.372936,25600.000000,4255.139000,4255.100000,199.400000,5.288875,38400.000000,4255.100000,4255.100000,307.200000,5.288007,51200.000000,4255.100000,4255.100000,414.500000,5.288007,64000.000000,4255.100000,4255.100000,520.900000,5.288007,76800.000000,4255.100000,4255.100000,627.000000,5.288007,89600.000000,4255.100000,4255.100000,731.800000,5.288007,102400.000000,4255.100000,4255.100000,836.500000,5.288007,115200.000000,4255.100000,4255.100000,943.400000,5.288007
Inst_m20_n320_pi2.0_TF0.4_R0.6_1.txt,20,320,3766.590000,10,115.248083,4074.580000,12800.000000,4205.939000,4102.120000,70.900000,10.445919,25600.000000,4109.497000,4078.410000,140.700000,8.344257,38400.000000,4096.510000,4074.090000,211.900000,8.053685,51200.000000,4091.530000,4074.090000,279.300000,7.941772,64000.000000,4084.062000,4062.430000,350.400000,7.773437,76800.000000,4080.630000,4048.670000,420.100000,7.695870,89600.000000,4077.236000,4045.980000,487.200000,7.619034,102400.000000,4075.870000,4045.980000,556.400000,7.588073,115200.000000,4074.580000,4045.980000,625.500000,7.558816
Inst_m20_n320_pi2.0_TF0.4_R0.6_10.txt,20,320,2796.660000,10,115.302070,2983.451000,12800.000000,3044.803000,2987.120000,65.900000,8.149723,25600.000000,3010.738000,2986.840000,130.700000,7.110483,38400.000000,2991.750000,2982.820000,192.200000,6.520933,51200.000000,2988.552000,2979.950000,255.800000,6.420902,64000.000000,2986.027000,2979.360000,318.000000,6.341771,76800.000000,2984.501000,2978.460000,378.200000,6.293883,89600.000000,2984.501000,2978.460000,440.300000,6.293883,102400.000000,2983.810000,2978.460000,502.800000,6.272182,115200.000000,2983.451000,2978.460000,563.700000,6.260904
Inst_m20_n320_pi2.0_TF0.4_R0.6_2.txt,20,320,2565.760000,10,115.285310,2795.302000,12800.000000,2853.604000,2801.280000,68.800000,10.087034,25600.000000,2824.369000,2788.610000,136.200000,9.156346,38400.000000,2803.500000,2788.450000,202.800000,8.480114,51200.000000,2798.954000,2788.450000,268.100000,8.331470,64000.000000,2797.780000,2788.450000,333.400000,8.293004,76800.000000,2796.828000,2788.450000,397.200000,8.261788,89600.000000,2796.828000,2788.450000,459.900000,8.261788,102400.000000,2796.170000,2787.980000,524.200000,8.240200,115200.000000,2795.302000,2787.980000,588.800000,8.211707
Inst_m20_n320_pi2.0_TF0.4_R0.6_3.txt,20,320,2855.730000,10,115.264137,3040.788000,12800.000000,3094.715000,3049.010000,72.100000,7.722359,25600.000000,3054.587000,3038.670000,143.300000,6.510111,38400.000000,3043.821000,3038.380000,219.400000,6.179437,51200.000000,3042.501000,3038.380000,294.200000,6.138733,64000.000000,3042.199000,3038.380000,369.100000,6.129415,76800.000000,3041.321000,3038.380000,444.300000,6.102315,89600.000000,3041.279000,3038.380000,515.600000,6.101019,102400.000000,3041.279000,3038.380000,587.000000,6.101019,115200.000000,3040.788000,3038.380000,659.900000,6.085857
Inst_m20_n320_pi2.0_TF0.4_R0.6_4.txt,20,320,3848.450000,10,115.265543,4094.840000,12800.000000,4109.555000,4094.770000,86.700000,6.353608,25600.000000,4095.766000,4094.770000,178.400000,6.038333,38400.000000,4095.766000,4094.770000,270.400000,6.038333,51200.000000,4094.840000,4094.770000,356.700000,6.017085,64000.000000,4094.840000,4094.770000,443.600000,6.017085,76800.000000,4094.840000,4094.770000,532.500000,6.017085,89600.000000,4094.840000,4094.770000,617.200000,6.017085,102400.000000,4094.840000,4094.770000,704.900000,6.017085,115200.000000,4094.840000,4094.770000,790.600000,6.017085
Inst_m20_n320_pi2.0_TF0.4_R0.6_5.txt,20,320,4333.450000,10,115.323846,4546.053000,12800.000000,4570.417000,4547.660000,79.600000,5.184800,25600.000000,4553.173000,4544.740000,163.600000,4.825712,38400.000000,4547.960000,4544.740000,243.100000,4.716620,51200.000000,4546.821000,4542.890000,322.300000,4.692751,64000.000000,4546.155000,4542.890000,401.600000,4.678789,76800.000000,4546.053000,4542.890000,482.300000,4.676650,89600.000000,4546.053000,4542.890000,562.000000,4.676650,102400.000000,4546.053000,4542.890000,642.700000,4.676650,115200.000000,4546.053000,4542.890000,723.600000,4.676650
Inst_m20_n320_pi2.0_TF0.4_R0.6_6.txt,20,320,3231.180000,10,115.291331,3515.648000,12800.000000,3571.304000,3521.850000,70.600000,9.523804,25600.000000,3527.621000,3517.520000,142.900000,8.403425,38400.000000,3522.175000,3516.140000,217.800000,8.261798,51200.000000,3518.983000,3514.330000,294.800000,8.178585,64000.000000,3516.951000,3509.440000,369.500000,8.125533,76800.000000,3516.454000,3509.440000,440.600000,8.112547,89600.000000,3516.344000,3509.440000,512.800000,8.109673,102400.000000,3515.898000,3509.440000,587.200000,8.098016,115200.000000,3515.648000,3509.440000,660.300000,8.091481
Inst_m20_n320_pi2.0_TF0.4_R0.6_7.txt,20,320,4003.150000,10,115.241957,4281.522000,12800.000000,4313.431000,4277.770000,73.900000,7.193369,25600.000000,4302.741000,4277.770000,144.400000,6.962794,38400.000000,4290.373000,4265.710000,216.100000,6.694593,51200.000000,4286.025000,4262.340000,285.800000,6.599938,64000.000000,4284.466000,4262.340000,354.400000,6.565952,76800.000000,4284.459000,4262.340000,426.500000,6.565800,89600.000000,4283.724000,4262.340000,493.600000,6.549768,102400.000000,4282.339000,4262.340000,564.200000,6.519545,115200.000000,4281.522000,4262.340000,632.000000,6.501707
Inst_m20_n320_pi2.0_TF0.4_R0.6_8.txt,20,320,3257.200000,10,115.292940,3473.330000,12800.000000,3485.934000,3473.330000,75.100000,6.561627,25600.000000,3474.760000,3473.330000,153.400000,6.261152,38400.000000,3473.458000,3473.330000,234.400000,6.226015,51200.000000,3473.444000,3473.330000,313.400000,6.225637,64000.000000,3473.444000,3473.330000,394.400000,6.225637,76800.000000,3473.444000,3473.330000,474.300000,6.225637,89600.000000,3473.444000,3473.330000,552.900000,6.225637,102400.000000,3473.330000,3473.330000,632.400000,6.222559,115200.000000,3473.330000,3473.330000,713.000000,6.222559
Inst_m20_n320_pi2.0_TF0.4_R0.6_9.txt,20,320,3044.690000,10,115.321540,3281.132000,12800.000000,3359.026000,3310.310000,77.600000,9.357951,25600.000000,3313.533000,3293.790000,150.700000,8.113485,38400.000000,3301.437000,3278.580000,222.600000,7.776826,51200.000000,3297.968000,3278.580000,293.300000,7.679820,64000.000000,3294.503000,3278.580000,366.800000,7.582722,76800.000000,3291.980000,3271.610000,438.800000,7.511893,89600.000000,3286.482000,3271.610000,511.200000,7.357168,102400.000000,3284.090000,3271.610000,583.500000,7.289691,115200.000000,3281.132000,3270.970000,654.300000,7.206111
Inst_m20_n320_pi2.0_TF0.6_R0.4_1.txt,20,320,2684.130000,10,115.272567,2946.030000,12800.000000,2975.818000,2930.570000,69.700000,9.801944,25600.000000,2954.749000,2924.760000,137.200000,9.158781,38400.000000,2951.881000,2924.760000,207.100000,9.070521,51200.000000,2950.582000,2924.760000,276.400000,9.030490,64000.000000,2949.333000,2924.760000,344.700000,8.991965,76800.000000,2946.611000,2924.760000,412.200000,8.907895,89600.000000,2946.611000,2924.760000,480.300000,8.907895,102400.000000,2946.030000,2924.760000,550.900000,8.889930,115200.000000,2946.030000,2924.760000,616.300000,8.889930
Inst_m20_n320_pi2.0_TF0.6_R0.4_10.txt,20,320,3415.220000,10,115.307493,3579.162000,12800.000000,3633.993000,3581.310000,71.600000,6.020182,25600.000000,3595.733000,3574.780000,142.300000,5.020200,38400.000000,3587.548000,3574.780000,214.300000,4.803504,51200.000000,3584.182000,3574.780000,285.100000,4.714102,64000.000000,3582.033000,3574.780000,357.800000,4.656936,76800.000000,3580.776000,3574.780000,429.800000,4.623467,89600.000000,3580.319000,3570.210000,500.600000,4.611293,102400.000000,3579.162000,3565.640000,572.400000,4.580458,115200.000000,3579.162000,3565.640000,645.100000,4.580458
Inst_m20_n320_pi2.0_TF0.6_R0.4_2.txt,20,320,3080.340000,10,115.289527,3347.388000,12800.000000,3397.428000,3359.090000,72.500000,9.333178,25600.000000,3361.495000,3326.050000,143.100000,8.363987,38400.000000,3354.636000,3326.050000,214.000000,8.176625,51200.000000,3352.314000,3326.050000,285.000000,8.113023,64000.000000,3352.086000,3326.050000,356.700000,8.106773,76800.000000,3350.482000,3326.050000,425.700000,8.062780,89600.000000,3348.847000,3326.050000,495.400000,8.017894,102400.000000,3347.388000,3326.050000,565.300000,7.977802,115200.000000,3347.388000,3326.050000,634.000000,7.977802
Inst_m20_n320_pi2.0_TF0.6_R0.4_3.txt,20,320,2488.020000,10,115.287420,2773.189000,12800.000000,2809.513000,2783.080000,68.900000,11.443015,25600.000000,2786.066000,2769.960000,137.100000,10.697737,38400.000000,2781.111000,2767.000000,205.400000,10.538630,51200.000000,2776.982000,2760.900000,272.600000,10.405613,64000.000000,2776.694000,2758.020000,339.900000,10.396320,76800.000000,2776.694000,2758.020000,404.600000,10.396320,89600.000000,2775.326000,2758.020000,471.900000,10.352153,102400.000000,2773.700000,2758.020000,538.300000,10.299600,115200.000000,2773.189000,2758.020000,604.000000,10.283071
Inst_m20_n320_pi2.0_TF0.6_R0.4_4.txt,20,320,4183.590000,10,115.282701,4391.456000,12800.000000,4407.423000,4391.520000,83.500000,5.078546,25600.000000,4393.569000,4391.390000,172.500000,4.779235,38400.000000,4392.461000,4391.390000,259.900000,4.755216,51200.000000,4391.811000,4391.390000,346.600000,4.741119,64000.000000,4391.588000,4391.390000,436.900000,4.736282,76800.000000,4391.549000,4391.390000,521.500000,4.735436,89600.000000,4391.549000,4391.390000,609.700000,4.735436,102400.000000,4391.456000,4391.390000,697.900000,4.733419,115200.000000,4391.456000,4391.390000,785.600000,4.733419
Inst_m20_n320_pi2.0_TF0.6_R0.4_5.txt,20,320,3231.920000,10,115.279994,3481.525000,12800.000000,3530.986000,3486.490000,78.900000,8.469759,25600.000000,3508.553000,3486.490000,157.300000,7.884532,38400.000000,3492.743000,3477.050000,234.200000,7.467569,51200.000000,3491.492000,3474.900000,309.400000,7.434415,64000.000000,3489.019000,3474.900000,389.800000,7.368805,76800.000000,3486.563000,3474.900000,467.300000,7.303554,89600.000000,3484.311000,3472.780000,543.800000,7.243642,102400.000000,3482.266000,3464.630000,621.400000,7.189169,115200.000000,3481.525000,3464.630000,698.900000,7.169416
Inst_m20_n320_pi2.0_TF0.6_R0.4_6.txt,20,320,2937.520000,10,115.271463,3127.404000,12800.000000,3183.953000,3134.390000,71.300000,7.739844,25600.000000,3141.682000,3127.910000,142.100000,6.498493,38400.000000,3132.911000,3126.800000,214.800000,6.236724,51200.000000,3130.150000,3126.360000,287.000000,6.154018,64000.000000,3128.085000,3126.360000,362.400000,6.092066,76800.000000,3127.830000,3126.360000,435.400000,6.084410,89600.000000,3127.786000,3126.360000,509.900000,6.083089,102400.000000,3127.517000,3126.360000,586.200000,6.075011,115200.000000,3127.404000,3126.360000,660.500000,6.071617
Inst_m20_n320_pi2.0_TF0.6_R0.4_7.txt,20,320,3157.030000,10,115.288825,3367.924000,12800.000000,3395.002000,3376.630000,73.500000,7.009480,25600.000000,3379.501000,3365.340000,145.400000,6.582954,38400.000000,3374.614000,3363.150000,215.600000,6.447671,51200.000000,3373.356000,3363.150000,280.000000,6.412783,64000.000000,3373.342000,3363.150000,347.400000,6.412395,76800.000000,3370.080000,3363.150000,415.000000,6.321808,89600.000000,3369.233000,3363.150000,480.000000,6.298258,102400.000000,3368.569000,3363.150000,549.000000,6.279788,115200.000000,3367.924000,3363.150000,615.700000,6.261840
Inst_m20_n320_pi2.0_TF0.6_R0.4_8.txt,20,320,3811.270000,10,115.317120,4057.050000,12800.000000,4079.161000,4057.050000,80.400000,6.567306,25600.000000,4060.906000,4057.050000,165.800000,6.147298,38400.000000,4058.233000,4057.050000,249.700000,6.085481,51200.000000,4057.509000,4057.050000,338.600000,6.068723,64000.000000,4057.428000,4057.050000,427.800000,6.066848,76800.000000,4057.050000,4057.050000,516.500000,6.058096,89600.000000,4057.050000,4057.050000,602.400000,6.058096,102400.000000,4057.050000,4057.050000,690.300000,6.058096,115200.000000,4057.050000,4057.050000,777.500000,6.058096
Inst_m20_n320_pi2.0_TF0.6_R0.4_9.txt,20,320,3192.950000,10,115.289526,3425.943000,12800.000000,3499.287000,3431.840000,74.300000,8.754269,25600.000000,3454.091000,3406.690000,146.000000,7.560339,38400.000000,3437.616000,3406.690000,214.000000,7.117316,51200.000000,3433.414000,3406.690000,282.200000,7.003641,64000.000000,3428.976000,3406.690000,351.500000,6.883279,76800.000000,3426.261000,3406.690000,419.600000,6.809493,89600.000000,3426.261000,3406.690000,489.300000,6.809493,102400.000000,3425.943000,3406.690000,557.400000,6.800843,115200.000000,3425.943000,3406.690000,624.500000,6.800843
Inst_m20_n320_pi2.0_TF0.6_R0.6_1.txt,20,320,3337.910000,10,115.347854,3676.266000,12800.000000,3842.656000,3744.810000,69.400000,13.135342,25600.000000,3764.365000,3698.710000,135.900000,11.328737,38400.000000,3725.024000,3669.180000,201.600000,10.392255,51200.000000,3695.535000,3655.700000,262.600000,9.677219,64000.000000,3691.400000,3655.700000,326.700000,9.576042,76800.000000,3687.045000,3655.700000,388.900000,9.469236,89600.000000,3685.813000,3655.700000,450.800000,9.438976,102400.000000,3683.311000,3655.700000,516.700000,9.377460,115200.000000,3676.266000,3655.700000,579.800000,9.203795
Inst_m20_n320_pi2.0_TF0.6_R0.6_10.txt,20,320,2616.680000,10,115.309419,2819.768000,12800.000000,2908.653000,2819.350000,72.400000,10.038083,25600.000000,2872.468000,2819.350000,139.400000,8.904816,38400.000000,2836.008000,2819.350000,204.900000,7.733688,51200.000000,2830.524000,2819.350000,274.900000,7.554926,64000.000000,2828.082000,2819.350000,342.100000,7.475101,76800.000000,2824.990000,2810.720000,412.500000,7.373831,89600.000000,2821.107000,2810.720000,480.200000,7.246340,102400.000000,2820.318000,2810.720000,545.900000,7.220391,115200.000000,2819.768000,2810.720000,612.900000,7.202295
Inst_m20_n320_pi2.0_TF0.6_R0.6_2.txt,20,320,2506.220000,10,115.265867,2718.204000,12800.000000,2782.397000,2727.950000,64.700000,9.925866,25600.000000,2734.259000,2724.320000,130.200000,8.340066,38400.000000,2726.643000,2717.450000,195.600000,8.084043,51200.000000,2723.101000,2717.450000,259.200000,7.964486,64000.000000,2720.873000,2703.000000,320.900000,7.889122,76800.000000,2719.749000,2703.000000,383.900000,7.851055,89600.000000,2719.719000,2703.000000,448.900000,7.850039,102400.000000,2718.204000,2703.000000,510.800000,7.798679,115200.000000,2718.204000,2703.000000,573.500000,7.798679
Inst_m20_n320_pi2.0_TF0.6_R0.6_3.txt,20,320,3905.610000,10,115.273295,4185.723000,12800.000000,4241.950000,4190.180000,66.800000,7.928901,25600.000000,4204.332000,4182.260000,137.400000,7.105100,38400.000000,4196.776000,4176.720000,207.000000,6.937849,51200.000000,4191.750000,4173.100000,275.600000,6.826266,64000.000000,4188.298000,4172.160000,345.300000,6.749472,76800.000000,4187.637000,4172.160000,414.300000,6.734753,89600.000000,4187.218000,4172.160000,485.000000,6.725420,102400.000000,4185.988000,4172.160000,554.100000,6.698013,115200.000000,4185.723000,4172.160000,623.500000,6.692106
Inst_m20_n320_pi2.0_TF0.6_R0.6_4.txt,20,320,4147.110000,10,115.288046,4378.530000,12800.000000,4399.807000,4375.650000,73.800000,5.743366,25600.000000,4381.699000,4375.650000,148.700000,5.353836,38400.000000,4380.960000,4375.650000,225.800000,5.337871,51200.000000,4380.128000,4371.460000,301.500000,5.319890,64000.000000,4380.128000,4371.460000,378.900000,5.319890,76800.000000,4380.128000,4371.460000,455.000000,5.319890,89600.000000,4379.922000,4371.460000,532.000000,5.315437,102400.000000,4378.530000,4363.800000,607.200000,5.285335,115200.000000,4378.530000,4363.800000,681.400000,5.285335
Inst_m20_n320_pi2.0_TF0.6_R0.6_5.txt,20,320,3159.360000,10,115.283029,3372.116000,12800.000000,3414.862000,3374.320000,77.600000,7.482059,25600.000000,3390.446000,3363.610000,150.700000,6.815799,38400.000000,3382.051000,3358.930000,223.500000,6.584496,51200.000000,3376.378000,3358.870000,295.500000,6.427539,64000.000000,3372.924000,3358.870000,365.700000,6.331717,76800.000000,3372.479000,3358.870000,435.500000,6.319357,89600.000000,3372.116000,3358.870000,505.100000,6.309273,102400.000000,3372.116000,3358.870000,574.600000,6.309273,115200.000000,3372.116000,3358.870000,646.100000,6.309273
Inst_m20_n320_pi2.0_TF0.6_R0.6_6.txt,20,320,2889.310000,10,115.261846,3096.693000,12800.000000,3134.371000,3101.380000,73.200000,7.818506,25600.000000,3113.896000,3095.530000,143.700000,7.212380,38400.000000,3103.497000,3094.730000,214.100000,6.901473,51200.000000,3097.019000,3088.610000,279.500000,6.706740,64000.000000,3097.019000,3088.610000,347.400000,6.706740,76800.000000,3096.693000,3088.610000,418.200000,6.696918,89600.000000,3096.693000,3088.610000,485.800000,6.696918,102400.000000,3096.693000,3088.610000,556.600000,6.696918,115200.000000,3096.693000,3088.610000,626.500000,6.696918
Inst_m20_n320_pi2.0_TF0.6_R0.6_7.txt,20,320,3308.860000,10,115.346759,3505.237000,12800.000000,3544.187000,3502.940000,79.300000,6.639802,25600.000000,3510.542000,3501.350000,159.700000,5.745039,38400.000000,3510.183000,3499.950000,237.400000,5.735399,51200.000000,3509.024000,3499.830000,313.200000,5.704264,64000.000000,3506.113000,3499.610000,391.900000,5.625974,76800.000000,3506.113000,3499.610000,471.800000,5.625974,89600.000000,3506.062000,3499.610000,550.500000,5.624601,102400.000000,3505.259000,3499.610000,629.700000,5.602981,115200.000000,3505.237000,3499.610000,704.900000,5.602389
Inst_m20_n320_pi2.0_TF0.6_R0.6_8.txt,20,320,3463.150000,10,115.288145,3788.706000,12800.000000,3876.959000,3824.810000,66.500000,10.673546,25600.000000,3827.395000,3789.880000,130.100000,9.516786,38400.000000,3812.121000,3779.040000,193.600000,9.154248,51200.000000,3798.478000,3771.970000,254.200000,8.827957,64000.000000,3791.974000,3771.970000,317.500000,8.671578,76800.000000,3791.431000,3771.970000,379.500000,8.658499,89600.000000,3790.152000,3771.970000,443.000000,8.627675,102400.000000,3788.784000,3771.970000,506.100000,8.594684,115200.000000,3788.706000,3771.970000,568.300000,8.592802
Inst_m20_n320_pi2.0_TF0.6_R0.6_9.txt,20,320,3043.410000,10,115.335116,3405.041000,12800.000000,3468.089000,3410.950000,69.200000,12.245332,25600.000000,3438.749000,3410.950000,136.000000,11.496594,38400.000000,3429.285000,3410.950000,199.600000,11.252346,51200.000000,3426.386000,3410.950000,264.300000,11.177258,64000.000000,3416.416000,3397.020000,332.300000,10.918050,76800.000000,3414.762000,3397.020000,398.000000,10.874901,89600.000000,3411.046000,3397.020000,462.100000,10.777808,102400.000000,3407.846000,3396.850000,526.600000,10.694028,115200.000000,3405.041000,3396.850000,590.900000,10.620459
